/*
 Navicat Premium Data Transfer

 Source Server         : LOCALHOST
 Source Server Type    : MySQL
 Source Server Version : 100231
 Source Host           : localhost:3306
 Source Schema         : qapuas_engine

 Target Server Type    : MySQL
 Target Server Version : 100231
 File Encoding         : 65001

 Date: 04/03/2020 04:04:55
*/

SET NAMES utf8mb4;
SET FOREIGN_KEY_CHECKS = 0;

-- ----------------------------
-- Table structure for admin
-- ----------------------------
DROP TABLE IF EXISTS `admin`;
CREATE TABLE `admin`  (
  `id_admin` int(20) UNSIGNED NOT NULL AUTO_INCREMENT,
  `id_level` int(11) NULL DEFAULT NULL,
  `id_opd` int(11) NULL DEFAULT NULL,
  `nama_jabatan` varchar(255) CHARACTER SET latin1 COLLATE latin1_swedish_ci NULL DEFAULT NULL,
  `is_penandatangan` tinyint(4) NULL DEFAULT 0 COMMENT '1 : ya, 0 : tidak',
  `username` varchar(100) CHARACTER SET latin1 COLLATE latin1_swedish_ci NOT NULL,
  `pass` varchar(64) CHARACTER SET latin1 COLLATE latin1_swedish_ci NOT NULL,
  `nama` varchar(200) CHARACTER SET latin1 COLLATE latin1_swedish_ci NULL DEFAULT '',
  `nip` varchar(100) CHARACTER SET latin1 COLLATE latin1_swedish_ci NULL DEFAULT NULL,
  `email` varchar(100) CHARACTER SET latin1 COLLATE latin1_swedish_ci NULL DEFAULT NULL,
  `avatar` text CHARACTER SET latin1 COLLATE latin1_swedish_ci NOT NULL,
  `banned` tinyint(1) NULL DEFAULT 0,
  `last_login` datetime(0) NULL DEFAULT NULL,
  `last_activity` datetime(0) NULL DEFAULT NULL,
  `date_created` datetime(0) NULL DEFAULT current_timestamp(0),
  `forgot_exp` text CHARACTER SET latin1 COLLATE latin1_swedish_ci NULL,
  `remember_time` datetime(0) NULL DEFAULT NULL,
  `remember_exp` text CHARACTER SET latin1 COLLATE latin1_swedish_ci NULL,
  `verification_code` text CHARACTER SET latin1 COLLATE latin1_swedish_ci NULL,
  `top_secret` varchar(16) CHARACTER SET latin1 COLLATE latin1_swedish_ci NULL DEFAULT NULL,
  `ip_address` text CHARACTER SET latin1 COLLATE latin1_swedish_ci NULL,
  PRIMARY KEY (`id_admin`) USING BTREE
) ENGINE = InnoDB AUTO_INCREMENT = 28 CHARACTER SET = latin1 COLLATE = latin1_swedish_ci ROW_FORMAT = Dynamic;

-- ----------------------------
-- Records of admin
-- ----------------------------
INSERT INTO `admin` VALUES (1, 1, NULL, NULL, 0, 'admin', '$2y$12$VFuC0qrJU1onKqMzZKzS4uVjfzkzCZ/Wn7IxErUPfjrm5.b8VsPCy', 'Agus Diyansyah', NULL, NULL, '8f17181c6038d76b451058827f27d3c0.jpg', 0, '2020-03-04 03:08:17', '0000-00-00 00:00:00', '2018-05-14 15:14:05', '', '0000-00-00 00:00:00', '', 'BF3FE0C', '', '::1');
INSERT INTO `admin` VALUES (11, 1, 0, '', 0, '1', '$2y$12$nOaJjKW7mX7Wq8B7Pr6K8ux8FvzDueaN4mbUWlDIMLPCDKuvZLGLy', 'Agus Diyansyah', '2983402934823948', 'agusdiyansyah@gmail.com', '8f17181c6038d76b451058827f27d3c0.jpg', 0, NULL, NULL, '2019-11-01 05:43:06', NULL, NULL, NULL, NULL, NULL, NULL);
INSERT INTO `admin` VALUES (14, 2, 1, 'Pelaksana Teknis', 0, 'plt_kominfo', '$2y$12$W5UaIdyrwGFWsaXrLHIv1e9q6MUxSOsU6zK1YAhqhTTDv5LzApSO2', 'Sahidin', '38475983475893457', 'agusdiyansyah@gmail.com', '8f17181c6038d76b451058827f27d3c0.jpg', 0, '2019-12-12 06:04:06', NULL, '2019-11-01 07:29:39', NULL, NULL, NULL, NULL, NULL, '::1');
INSERT INTO `admin` VALUES (15, 3, 2, 'Sekretaris Dinas Kominfo', 1, 'sekre_kominfo', '$2y$12$G6Dz7gPKBe5fS0TSaNoJhe8S5cmJEbGwjBa1w7AHzcDX7bvCgYtcy', 'H. TARKIM HADI, SH.,MM', '3489057398457', 'kreasiin@gmail.com', '8f17181c6038d76b451058827f27d3c0.jpg', 0, NULL, NULL, '2019-11-01 07:31:30', NULL, NULL, NULL, NULL, NULL, NULL);
INSERT INTO `admin` VALUES (16, 3, 1, 'Kepala Dinas Kominfo', 1, 'kepala_kominfo', '$2y$12$hlmBC4yXDlZ774q0h0DreulYD4uC614H2CUqdDZwcAINt0ehS.M5S', 'SUGENG DARSONO, SH.,MM', '7348957348957', 'agusdiyansyah@gmail.com', '8f17181c6038d76b451058827f27d3c0.jpg', 0, '2019-12-01 03:50:16', NULL, '2019-11-01 07:32:10', NULL, NULL, NULL, NULL, NULL, '::1');
INSERT INTO `admin` VALUES (18, 5, 2, 'Staf TU', 0, 'staftu_kominfo', '$2y$12$GRswIPZLNk8/wez/vBBnp.ysJLZe/XwkMRgzxH7kFgMBNRsX9t80y', 'Ridwan', '', 'agus@mail.com', '8f17181c6038d76b451058827f27d3c0.jpg', 0, NULL, NULL, '2019-11-01 07:34:01', NULL, NULL, NULL, NULL, NULL, NULL);
INSERT INTO `admin` VALUES (19, 3, 3, 'Kasubag Umum dan Kepegawaian', 0, 'kasubagumum_kominfo', '$2y$12$k/.f13rNA8.0hVXuRqkdv.7vISe.SwWuvOb7brlrubHY/aof/odG6', 'YAYAH KOMARIYAH, S.IP', '23487398475384', 'kreasiin@gmail.com', '8f17181c6038d76b451058827f27d3c0.jpg', 0, NULL, NULL, '2019-11-01 07:35:49', NULL, NULL, NULL, NULL, NULL, NULL);
INSERT INTO `admin` VALUES (20, 5, 3, 'Staf Bagian Umum dan Keuangan', 0, 'stafumum_kominfo', '$2y$12$xpw9P8hmoEIJX2DFXTNRN.jdYNOfflt1K9f4Y6p4SnOsG1Y6KIkfG', 'Rully', '', 'Naulivibritannia@gmail.com', '8f17181c6038d76b451058827f27d3c0.jpg', 0, NULL, NULL, '2019-11-01 07:36:26', NULL, NULL, NULL, NULL, NULL, NULL);
INSERT INTO `admin` VALUES (21, 5, 1, 'Staf Kominfo', 0, 'staf_kominfo', '$2y$12$Cb6LVgTx5h1PLDWQo84ZUe3dX6NbzX0jZUBe7sX5yEFExWyupKzQW', 'Ambari', '', 'agus@mail.com', '8f17181c6038d76b451058827f27d3c0.jpg', 0, NULL, NULL, '2019-11-01 07:37:09', NULL, NULL, NULL, NULL, NULL, NULL);
INSERT INTO `admin` VALUES (22, 3, 7, 'Kepala Seksi Pengelolaan Infrastruktur', 0, 'kakelola_kominfo', '$2y$12$635721Xr7VhN/PuZgMIugO93ZWOuJeSZu0QO0kJC1ikwWlJJTL3da', 'Ir. H. ADE HASAN, M.Si', '340985398534985', 'agus@mail.com', '8f17181c6038d76b451058827f27d3c0.jpg', 0, '2019-12-01 03:16:25', NULL, '2019-11-01 07:41:07', NULL, NULL, NULL, NULL, NULL, '::1');
INSERT INTO `admin` VALUES (23, 5, 7, 'Staf Seksi Pengelolaan Infrastruktur', 0, 'stafkelola_kominfo', '$2y$12$AlbBPwfq623yOr325iFh/.UB6RNgbxeQnAklDN2TqRg44vDLRCGwe', 'Tomi Hartono', '394058390485', 'agusdiyansyah.dl@gmail.com', '8f17181c6038d76b451058827f27d3c0.jpg', 0, '2019-12-12 06:31:52', NULL, '2019-11-01 07:44:37', NULL, NULL, NULL, NULL, NULL, '127.0.0.1');
INSERT INTO `admin` VALUES (24, 3, 5, 'Kepala BIdang TIK', 0, 'katik_kominfo', '$2y$12$6Vi2FMVAOTzCNzpgIT8evuU0EOVvLeTqF..nJA/Ue5Ipxi.X91mO6', 'Drs. YADI WIKARSA, M.Si.', '29842938429348293', 'agusdiyansyah.mail@gmail.com', '8f17181c6038d76b451058827f27d3c0.jpg', 0, '2019-12-01 03:44:33', NULL, '2019-11-01 07:45:52', NULL, NULL, NULL, NULL, NULL, '::1');
INSERT INTO `admin` VALUES (25, 5, 5, 'Staf Bidang Pengelolaan TIK', 0, 'staftik_kominfo', '$2y$12$/2EvgBIrC1wczwaJsJh5SOcs58nec0heS0EKtYh362uSGsVgOxzi6', 'Faiz Fadlilah', '', 'agusdiyansyah.dl@gmail.com', '8f17181c6038d76b451058827f27d3c0.jpg', 0, '2019-11-01 07:46:58', NULL, '2019-11-01 07:46:33', NULL, NULL, NULL, NULL, NULL, '127.0.0.1');
INSERT INTO `admin` VALUES (26, 4, 1, 'Staf Tata Usaha', 0, 'tu_kominfo', '$2y$12$4dJJgyEAxjtmTrQAFpJKdOpyqu6GL8hj3OaAqhPJvxba1iOfuR6Zi', 'Intan Vebriyanti', '29842938429348293', 'agusdiyansyah@gmail.com', '8f17181c6038d76b451058827f27d3c0.jpg', 0, '2019-12-12 06:33:41', NULL, '2019-11-01 08:51:11', NULL, NULL, NULL, NULL, NULL, '127.0.0.1');
INSERT INTO `admin` VALUES (27, 3, 9, 'Kabag Umum dan Aparatur', 0, 'bagumum_pertanian', '$2y$12$1doWA9pb7anVP22eAvVcXe4dEpqpGtOGXiF5EuOoiI8oNPhnLUrMy', 'Agus Diyansyah', '384975348537485', 'agusdiyansyah@gmail.com', '8f17181c6038d76b451058827f27d3c0.jpg', 0, NULL, NULL, '2019-11-05 13:50:02', NULL, NULL, NULL, NULL, NULL, NULL);

-- ----------------------------
-- Table structure for admin_level
-- ----------------------------
DROP TABLE IF EXISTS `admin_level`;
CREATE TABLE `admin_level`  (
  `id_level` int(11) NOT NULL AUTO_INCREMENT,
  `level` varchar(100) CHARACTER SET latin1 COLLATE latin1_swedish_ci NULL DEFAULT NULL,
  PRIMARY KEY (`id_level`) USING BTREE
) ENGINE = InnoDB AUTO_INCREMENT = 6 CHARACTER SET = latin1 COLLATE = latin1_swedish_ci ROW_FORMAT = Dynamic;

-- ----------------------------
-- Records of admin_level
-- ----------------------------
INSERT INTO `admin_level` VALUES (1, 'ADMINISTRATOR');
INSERT INTO `admin_level` VALUES (2, 'ADMIN DINAS');
INSERT INTO `admin_level` VALUES (3, 'PEMERIKSA');
INSERT INTO `admin_level` VALUES (4, 'TU');
INSERT INTO `admin_level` VALUES (5, 'STAF');

-- ----------------------------
-- Table structure for galeri
-- ----------------------------
DROP TABLE IF EXISTS `galeri`;
CREATE TABLE `galeri`  (
  `id_galeri` int(11) NOT NULL AUTO_INCREMENT,
  `galeri` varchar(255) CHARACTER SET latin1 COLLATE latin1_swedish_ci NULL DEFAULT NULL,
  PRIMARY KEY (`id_galeri`) USING BTREE
) ENGINE = InnoDB AUTO_INCREMENT = 1 CHARACTER SET = latin1 COLLATE = latin1_swedish_ci ROW_FORMAT = Dynamic;

-- ----------------------------
-- Table structure for galeri_file
-- ----------------------------
DROP TABLE IF EXISTS `galeri_file`;
CREATE TABLE `galeri_file`  (
  `id_galeri_file` int(11) NOT NULL AUTO_INCREMENT,
  `id_galeri` int(11) NULL DEFAULT NULL,
  `file` varchar(255) CHARACTER SET latin1 COLLATE latin1_swedish_ci NULL DEFAULT NULL,
  PRIMARY KEY (`id_galeri_file`) USING BTREE
) ENGINE = InnoDB AUTO_INCREMENT = 1 CHARACTER SET = latin1 COLLATE = latin1_swedish_ci ROW_FORMAT = Dynamic;

-- ----------------------------
-- Table structure for klasifikasi
-- ----------------------------
DROP TABLE IF EXISTS `klasifikasi`;
CREATE TABLE `klasifikasi`  (
  `id_klasifikasi` int(11) NOT NULL AUTO_INCREMENT,
  `kode` char(10) CHARACTER SET latin1 COLLATE latin1_swedish_ci NULL DEFAULT NULL,
  `klasifikasi` text CHARACTER SET latin1 COLLATE latin1_swedish_ci NULL,
  PRIMARY KEY (`id_klasifikasi`) USING BTREE
) ENGINE = InnoDB AUTO_INCREMENT = 2171 CHARACTER SET = latin1 COLLATE = latin1_swedish_ci ROW_FORMAT = Dynamic;

-- ----------------------------
-- Records of klasifikasi
-- ----------------------------
INSERT INTO `klasifikasi` VALUES (1, '000', 'UMUM');
INSERT INTO `klasifikasi` VALUES (2, '001', 'Lambang');
INSERT INTO `klasifikasi` VALUES (3, '001.1', 'Garuda');
INSERT INTO `klasifikasi` VALUES (4, '001.2', 'Bendetra Kebangsaan');
INSERT INTO `klasifikasi` VALUES (5, '001.4', 'Daerah');
INSERT INTO `klasifikasi` VALUES (6, '001.41', 'Daerah Tingkat I');
INSERT INTO `klasifikasi` VALUES (7, '001.42', 'Daerah Tingkat II');
INSERT INTO `klasifikasi` VALUES (8, '002', 'Tanda kehormatan/Penghargaan untuk Pegawai lihat 861.1');
INSERT INTO `klasifikasi` VALUES (9, '002.1', 'Bintang');
INSERT INTO `klasifikasi` VALUES (10, '002.2', 'Satyalencana');
INSERT INTO `klasifikasi` VALUES (11, '002.3', 'Samkarya Nugraha');
INSERT INTO `klasifikasi` VALUES (12, '002.4', 'Monumen');
INSERT INTO `klasifikasi` VALUES (13, '002.5', 'Penghargaan Secara adat');
INSERT INTO `klasifikasi` VALUES (14, '002.6', 'Penghargaan lain');
INSERT INTO `klasifikasi` VALUES (15, '003', 'Hari Raya/Besar');
INSERT INTO `klasifikasi` VALUES (16, '003.1', 'Nasional 17 Agustus,Hari pahlawan');
INSERT INTO `klasifikasi` VALUES (17, '003.2', 'Keagaman Idul Fitri');
INSERT INTO `klasifikasi` VALUES (18, '003.3', 'Hari Ulang Tahun (HUT)');
INSERT INTO `klasifikasi` VALUES (19, '003.4', 'Hari jadi');
INSERT INTO `klasifikasi` VALUES (20, '004', 'Ucapan Terima Kasih/Selamat,Belasungkawa');
INSERT INTO `klasifikasi` VALUES (21, '005', 'Undangan');
INSERT INTO `klasifikasi` VALUES (22, '006', 'Tanda Jabatan');
INSERT INTO `klasifikasi` VALUES (23, '006.1', 'Pamong Praja');
INSERT INTO `klasifikasi` VALUES (24, '006.2', 'Pejabat lain');
INSERT INTO `klasifikasi` VALUES (25, '010', 'URUSAN DALAM');
INSERT INTO `klasifikasi` VALUES (26, '011', 'Gedung Kantor Termasuk Instalansi,Prasarana fisik pamong Praja');
INSERT INTO `klasifikasi` VALUES (27, '012', 'Rumah Dinas');
INSERT INTO `klasifikasi` VALUES (28, '012.1', 'Tanah untuk Rumah Dinas');
INSERT INTO `klasifikasi` VALUES (29, '012.2', 'Perabotan');
INSERT INTO `klasifikasi` VALUES (30, '013', 'Mess/Guest House/Asrama');
INSERT INTO `klasifikasi` VALUES (31, '015', 'Penerangan Listrik');
INSERT INTO `klasifikasi` VALUES (32, '016', 'Telepon');
INSERT INTO `klasifikasi` VALUES (33, '017', 'Keamanan/Keteriban Kantor');
INSERT INTO `klasifikasi` VALUES (34, '018', 'Kebersihan Kantor');
INSERT INTO `klasifikasi` VALUES (35, '019', 'Protokol');
INSERT INTO `klasifikasi` VALUES (36, '019.1', 'Upacara Bendera');
INSERT INTO `klasifikasi` VALUES (37, '019.2', 'Gelar senja');
INSERT INTO `klasifikasi` VALUES (38, '019.3', 'Tata tempat');
INSERT INTO `klasifikasi` VALUES (39, '019.31', 'Pemasangan gambar Presiden/Wakil Presiden');
INSERT INTO `klasifikasi` VALUES (40, '019.4', 'Audiensi');
INSERT INTO `klasifikasi` VALUES (41, '019.5', 'Alamat-alamat kantor dan pejabat');
INSERT INTO `klasifikasi` VALUES (42, '020', 'PERALATAN');
INSERT INTO `klasifikasi` VALUES (43, '020.1', 'Penawaran');
INSERT INTO `klasifikasi` VALUES (44, '021', 'Alat tulis');
INSERT INTO `klasifikasi` VALUES (45, '022', 'Mesin kantor');
INSERT INTO `klasifikasi` VALUES (46, '023', 'Perabot kantor');
INSERT INTO `klasifikasi` VALUES (47, '024', 'Alat angkutan /Kendaraan dinas');
INSERT INTO `klasifikasi` VALUES (48, '025', 'Pakaian Dinas/ID Card/Kartu Identitas');
INSERT INTO `klasifikasi` VALUES (49, '026', 'Senjata');
INSERT INTO `klasifikasi` VALUES (50, '027', 'Pegadaan termasuk RKBU,Standar Harga');
INSERT INTO `klasifikasi` VALUES (51, '028', 'Inventaris');
INSERT INTO `klasifikasi` VALUES (52, '030', 'KEKAYAAN DAERAH');
INSERT INTO `klasifikasi` VALUES (53, '040', 'PERPUSTAKAAN/DOKUMENTASI/KEARSIPAN/SANDI');
INSERT INTO `klasifikasi` VALUES (54, '041', 'Perpustakaan');
INSERT INTO `klasifikasi` VALUES (55, '042', 'Dokumentasi');
INSERT INTO `klasifikasi` VALUES (56, '045', 'Kearsipan');
INSERT INTO `klasifikasi` VALUES (57, '045.1', 'Ekspedisi ke-2');
INSERT INTO `klasifikasi` VALUES (58, '045.2', 'Surat pengantar');
INSERT INTO `klasifikasi` VALUES (59, '045.3', 'Salah kirim');
INSERT INTO `klasifikasi` VALUES (60, '045.4', 'Pola klasifikasi');
INSERT INTO `klasifikasi` VALUES (61, '045.5', 'Penataan berkas');
INSERT INTO `klasifikasi` VALUES (62, '045.6', 'Penyusutan arsip');
INSERT INTO `klasifikasi` VALUES (63, '045.7', 'Pembinaan kearsipan');
INSERT INTO `klasifikasi` VALUES (64, '045.8', 'Pemeliharaan arsip/perawatan arsip');
INSERT INTO `klasifikasi` VALUES (65, '045.9', 'Pengawetan/konservasi');
INSERT INTO `klasifikasi` VALUES (66, '045.10', 'Pemasyarakatan arsip');
INSERT INTO `klasifikasi` VALUES (67, '046', 'Sandi (Sarana sandi/pemeliharaan)');
INSERT INTO `klasifikasi` VALUES (68, '050', 'PERENCANAAN');
INSERT INTO `klasifikasi` VALUES (69, '050.1', 'REPELITA');
INSERT INTO `klasifikasi` VALUES (70, '050.11', 'Pelita Daerah. Tambahkan kode wilayah');
INSERT INTO `klasifikasi` VALUES (71, '050.12', 'Bantuan Pembangunan Daerah. Tambahkan kode wilayah');
INSERT INTO `klasifikasi` VALUES (72, '050.13', 'Bappeda');
INSERT INTO `klasifikasi` VALUES (73, '050.2', 'Perencanaan/proyek bidang peralatan');
INSERT INTO `klasifikasi` VALUES (74, '050.41', 'Bidang Perpustakaan');
INSERT INTO `klasifikasi` VALUES (75, '050.45', 'Bidang Kearsipan');
INSERT INTO `klasifikasi` VALUES (76, '050.46', 'Bidang Sandi');
INSERT INTO `klasifikasi` VALUES (77, '050.6', 'Organisasi/ketatalaksanaan');
INSERT INTO `klasifikasi` VALUES (78, '050.7', 'Penelitian.');
INSERT INTO `klasifikasi` VALUES (79, '051', 'Bidang pemerintahan');
INSERT INTO `klasifikasi` VALUES (80, '052', 'Bidang Politik');
INSERT INTO `klasifikasi` VALUES (81, '053', 'Bidang keamanan ketertiban');
INSERT INTO `klasifikasi` VALUES (82, '054', 'Bidang Kesejahteraan Rakyat');
INSERT INTO `klasifikasi` VALUES (83, '055', 'Bidang Perekonomian');
INSERT INTO `klasifikasi` VALUES (84, '056', 'Bidang pekerjaan umum');
INSERT INTO `klasifikasi` VALUES (85, '057', 'Bidang Pengawasan');
INSERT INTO `klasifikasi` VALUES (86, '058', 'Bidang Kepegawaian');
INSERT INTO `klasifikasi` VALUES (87, '059', 'Bidang Keuangan');
INSERT INTO `klasifikasi` VALUES (88, '060', 'ORGANISASI/ KETATALAKSANAAN');
INSERT INTO `klasifikasi` VALUES (89, '061', 'Organisasi intansi pemerintah');
INSERT INTO `klasifikasi` VALUES (90, '061.1', 'Susunan dan tata kerja');
INSERT INTO `klasifikasi` VALUES (91, '061.2', 'Tata tertib kantor.jam kerja');
INSERT INTO `klasifikasi` VALUES (92, '061.3', 'Struktur organisasi');
INSERT INTO `klasifikasi` VALUES (93, '061.4', 'Tugas pokok dan fungsi');
INSERT INTO `klasifikasi` VALUES (94, '061.5', 'Gerakan disiplin Nasional');
INSERT INTO `klasifikasi` VALUES (95, '061.6', 'Supporting organisasi');
INSERT INTO `klasifikasi` VALUES (96, '061.7', 'Program kerja');
INSERT INTO `klasifikasi` VALUES (97, '061.8', 'Standar pola minimal');
INSERT INTO `klasifikasi` VALUES (98, '061.9', 'Pelayanan umum/UPTSA');
INSERT INTO `klasifikasi` VALUES (99, '061.10', 'LAKIP');
INSERT INTO `klasifikasi` VALUES (100, '062', 'Organisasi badan Non pemerintah');
INSERT INTO `klasifikasi` VALUES (101, '063', 'Organisasi badan internasional');
INSERT INTO `klasifikasi` VALUES (102, '064', 'Organisasi semni pemerintah. BKS-AKSI');
INSERT INTO `klasifikasi` VALUES (103, '065', 'Ketatalaksanaan');
INSERT INTO `klasifikasi` VALUES (104, '065.1', 'Tata naskah dinas');
INSERT INTO `klasifikasi` VALUES (105, '065.2', 'Stempel');
INSERT INTO `klasifikasi` VALUES (106, '065.3', 'Alamat kantor');
INSERT INTO `klasifikasi` VALUES (107, '065.4', 'Papan nama instansi');
INSERT INTO `klasifikasi` VALUES (108, '070', 'PENELITIAN');
INSERT INTO `klasifikasi` VALUES (109, '071', 'Riset');
INSERT INTO `klasifikasi` VALUES (110, '072', 'Survey');
INSERT INTO `klasifikasi` VALUES (111, '074', 'Kerjasama penelitian dengan perguruan tinggi');
INSERT INTO `klasifikasi` VALUES (112, '080', 'KONPERENSI');
INSERT INTO `klasifikasi` VALUES (113, '081', 'Gubernur');
INSERT INTO `klasifikasi` VALUES (114, '082', 'Bupati/ wali kota');
INSERT INTO `klasifikasi` VALUES (115, '083', 'Komponen, eselon lainya');
INSERT INTO `klasifikasi` VALUES (116, '084', 'Intansi lainya');
INSERT INTO `klasifikasi` VALUES (117, '085', 'Internasional di dalam negri');
INSERT INTO `klasifikasi` VALUES (118, '086', 'Internasional di luar negri');
INSERT INTO `klasifikasi` VALUES (119, '090', 'PERJALANAN DINAS');
INSERT INTO `klasifikasi` VALUES (120, '091', 'Perjalanan presiden/ Wakil Presiden ke daerah');
INSERT INTO `klasifikasi` VALUES (121, '092', 'Perjalanan Mentri ke daerah');
INSERT INTO `klasifikasi` VALUES (122, '093', 'Perjalanan Pejabat tinggi ( Pejabat Eselon 1)');
INSERT INTO `klasifikasi` VALUES (123, '094', 'Perjalanan Pegawai, termasuk pemangilan pegawai, kunjungan kerja dari daerah lain, kunjungan kerja ke luar daerah maupun dalam daerah');
INSERT INTO `klasifikasi` VALUES (124, '095', 'Perjalanan Tamu asing ke daerah');
INSERT INTO `klasifikasi` VALUES (125, '096', 'Perjalanan Presiden/ Wakil presiden ke luar negri');
INSERT INTO `klasifikasi` VALUES (126, '097', 'Perjalanan Mentri ke luar negri');
INSERT INTO `klasifikasi` VALUES (127, '098', 'Perjalanan Pejabat tinggi ke luar negri');
INSERT INTO `klasifikasi` VALUES (128, '099', 'Perjalanan Pegawai ke luar negri');
INSERT INTO `klasifikasi` VALUES (129, '100', 'PEMERINTAHAN');
INSERT INTO `klasifikasi` VALUES (130, '110', 'PEMERINTAH PUSAT');
INSERT INTO `klasifikasi` VALUES (131, '111', 'Presiden (Meliputi pencalonan, pengangkatan, pelantikan, sumpah dan serah trima jabatan)');
INSERT INTO `klasifikasi` VALUES (132, '111.1', 'Pertanggung jawaban MPR');
INSERT INTO `klasifikasi` VALUES (133, '111.2', 'Amanat Presiden/ Amanat Kenegaraan/ Pidato kenegaraan');
INSERT INTO `klasifikasi` VALUES (134, '112', 'Wakil Presiden (Meliputi percalonan, penggangkatan, pelantikan, sumpah dan serah trima jabatan)');
INSERT INTO `klasifikasi` VALUES (135, '113', 'Susunan kabinet');
INSERT INTO `klasifikasi` VALUES (136, '113.1', 'Reshufle');
INSERT INTO `klasifikasi` VALUES (137, '113.2', 'Penunjukan materi ad interim');
INSERT INTO `klasifikasi` VALUES (138, '113.3', 'Sidang kabinet. Sidang Dewan Stabilisasi Ekonomi lihat 500.1');
INSERT INTO `klasifikasi` VALUES (139, '114', 'Depertemen Dalam Negri');
INSERT INTO `klasifikasi` VALUES (140, '114.1', 'Amanat mentri Dalam Negri');
INSERT INTO `klasifikasi` VALUES (141, '114.2', 'Sekretariat Jendral');
INSERT INTO `klasifikasi` VALUES (142, '114.3', 'Direktorat Jendral');
INSERT INTO `klasifikasi` VALUES (143, '115', 'Depertemen lainnya');
INSERT INTO `klasifikasi` VALUES (144, '116', 'Lembaga Tinggi Negara (DPA, MA, BPK)');
INSERT INTO `klasifikasi` VALUES (145, '117', 'Lembaga Non Depertemen');
INSERT INTO `klasifikasi` VALUES (146, '118', 'Otonomi/ Desentralisasi');
INSERT INTO `klasifikasi` VALUES (147, '119', 'Kerjasama antara Depertemen/ Kementrian');
INSERT INTO `klasifikasi` VALUES (148, '120', 'PEMERINTAH DAERAH TINGKAT 1');
INSERT INTO `klasifikasi` VALUES (149, '120.04', 'Laporan daerah, Tambahkan kode wilayah');
INSERT INTO `klasifikasi` VALUES (150, '120.042', 'Menografi. Tambahkan kode wilayah');
INSERT INTO `klasifikasi` VALUES (151, '120.1', 'Koordinasi');
INSERT INTO `klasifikasi` VALUES (152, '120.2', 'Intansi tingkat Provinsi');
INSERT INTO `klasifikasi` VALUES (153, '120.21', 'Dinas Otonom');
INSERT INTO `klasifikasi` VALUES (154, '120.22', 'Instansi Vertikal');
INSERT INTO `klasifikasi` VALUES (155, '121', 'Kepala Daerah/ Gubernur (Meliputi pencalonan, pengangkatan, pelantikan, pemberhentian, serta terima jabatan) Tambahkan Kode Wilayah');
INSERT INTO `klasifikasi` VALUES (156, '122', 'Wakil kepala Daerah/ Wakil Gubernur (Meliputi pencalonan, pengangkatan, pelantikan, pemberhentian, serta terima jabatan) Tambahkan kode wilayah');
INSERT INTO `klasifikasi` VALUES (157, '123', 'Sekretaris Wilayah Daerah/ Sekertaris Daerah (Meliputi, pencalonan, serah terima jabatan) Tambahkan kode wilayah');
INSERT INTO `klasifikasi` VALUES (158, '124', 'Badan-badan pertimbangan daerah (Meliputi Muspida,Forum panitia anggaran nasional,Forum koordinasi lainnya)');
INSERT INTO `klasifikasi` VALUES (159, '125', 'Pembentukan/pemekaran wilayah');
INSERT INTO `klasifikasi` VALUES (160, '125.1', 'Pembentukan daerah Otonom, Perubahan batas wilayah ,Pemekaran wilayah ,Pemberian/perubahan nama kepada: daerah, kota, benda geografis, gunung, sungai, pulau, selat dsb.');
INSERT INTO `klasifikasi` VALUES (161, '126', 'Pembagian Wilayah');
INSERT INTO `klasifikasi` VALUES (162, '127', 'Penyerahan urusan');
INSERT INTO `klasifikasi` VALUES (163, '128', 'Swapraja');
INSERT INTO `klasifikasi` VALUES (164, '130', 'PEMERINTAHAN DAERAH TINGKAT III');
INSERT INTO `klasifikasi` VALUES (165, '130.04', 'Laporan daerah tingkat II');
INSERT INTO `klasifikasi` VALUES (166, '130.1', 'Koordinasi');
INSERT INTO `klasifikasi` VALUES (167, '130.2', 'Instansi tingkat kabupaten/ kotamadya');
INSERT INTO `klasifikasi` VALUES (168, '130.3', 'Laporan daerah meliputi,Laporan kegiatan (Bulanan,triwulan ,tahunan), Laporan pertanggungjawaban Bupati, Laporan Peyelenggaraan Pemerintah');
INSERT INTO `klasifikasi` VALUES (169, '130.21', 'Dinas Otonom');
INSERT INTO `klasifikasi` VALUES (170, '130.22', 'Instansi Vertikal');
INSERT INTO `klasifikasi` VALUES (171, '131', 'Kepala Daerah/ Bupati (Meliputi pencalonan, pengangkatan, pelantikan, pemberhentian, serta terima jabatan ,berita acara serah terima jabatan dan memori Kepala Daerah/Bupati) Tambahkan kode wilayah');
INSERT INTO `klasifikasi` VALUES (172, '131.1', 'Sambutan/pengarahan/Amanat Bupati');
INSERT INTO `klasifikasi` VALUES (173, '132', 'Wakil kepala Daerah/ Wakil Bupati (Meliputi pencalonan, pengangkatan, pelantikan, pemberhentian, serta terima jabatan) Tambahkan kode wilayah');
INSERT INTO `klasifikasi` VALUES (174, '133', 'Sekretaris wakil/daerah (Meliputi pencalonan, pengangkatan, pelantikan, pemberhentian, serta terima jabatan) Tambahkan kode wilayah.');
INSERT INTO `klasifikasi` VALUES (175, '134', 'Badan-badan daerah meliputi badan pertimbangan daerah.');
INSERT INTO `klasifikasi` VALUES (176, '134.1', 'Forum koordinasi Pemerintah di derah');
INSERT INTO `klasifikasi` VALUES (177, '134.2', 'FORKOMPADA');
INSERT INTO `klasifikasi` VALUES (178, '134.3', 'Muspida');
INSERT INTO `klasifikasi` VALUES (179, '134.4', 'Forum PAN');
INSERT INTO `klasifikasi` VALUES (180, '134.5', 'Forum koordinasi lainnya');
INSERT INTO `klasifikasi` VALUES (181, '134.6', 'Termasuk LSM(P2TPD/prakarsa pembaharuan tata pemerintahan daerah)');
INSERT INTO `klasifikasi` VALUES (182, '134.7', 'Pemberdayaan masyarakat dsb');
INSERT INTO `klasifikasi` VALUES (183, '135', 'Pembentukan daerah /Pemekaran daerah /wilayah');
INSERT INTO `klasifikasi` VALUES (184, '136', 'Pembagian Wilayah');
INSERT INTO `klasifikasi` VALUES (185, '137', 'Penyerahan urusan');
INSERT INTO `klasifikasi` VALUES (186, '138', 'Pemerintah Wilayah Kecamatan');
INSERT INTO `klasifikasi` VALUES (187, '138.04', 'Laporan Kecamatan,Monografi kecamatan,Sambutan/Pengarahan/ Alamat, Pembentukan Kecamatan,Pemekaran Kecamatan,Perluasan/Perubahan batas wilayah kecamatan dsb');
INSERT INTO `klasifikasi` VALUES (188, '139', 'Perwakilan kabupaten di luar daerah');
INSERT INTO `klasifikasi` VALUES (189, '140', 'PEMERINTAH DESA/KELURAHAN');
INSERT INTO `klasifikasi` VALUES (190, '140.1', 'Monografi');
INSERT INTO `klasifikasi` VALUES (191, '140.2', 'Musbangdes');
INSERT INTO `klasifikasi` VALUES (192, '141', 'Pamong Desa');
INSERT INTO `klasifikasi` VALUES (193, '141.1', 'Kepala Desa/Lurah Meliputi Pencalonan, pemilihan, Pengangkatan/Pemilihan, Pemberhentian, Pemberhentian sementara, pelantikan, Serah terima');
INSERT INTO `klasifikasi` VALUES (194, '141.2', 'Biaya pemilihan Kepala desa/Lurah');
INSERT INTO `klasifikasi` VALUES (195, '141.3', 'Lembaga musyawarah Desa/Badan Perwakilan desa meliputi pembentukan, Keanggotaan, kepengurusan dan kegiatannya');
INSERT INTO `klasifikasi` VALUES (196, '141.4', 'Perangkat desa:Sekertaris desa/Carik, Kepala Bagian, Kepala Dusun, Dukuh Meliputi pencalonan, pemilihan, pengangkatan, pemberhentian');
INSERT INTO `klasifikasi` VALUES (197, '142', 'Penghasilan Pamong Desa');
INSERT INTO `klasifikasi` VALUES (198, '142.1', 'APPKD(Anggaran Pendapatan Pengeluaran Keuangan Desa) dan APBD (Anggaran Pendapatan dan Belanja Desa)');
INSERT INTO `klasifikasi` VALUES (199, '142.2', 'Pendapatan Desa meliputi urusan desa, penerimaan dari pemerintah pusat/Propinsi/Kabupaten, Penerimaan dari pajak dan Retribusi desa yang di serahkan kepada desa, Penerimaan dari pemilik tanah yang berdomisili di luar desa, pendapatan asli desa, penerimaan lain -lain yang sah berdasarkan peraturan perundang -undangan yang berlaku, hasil dari swadaya masyarakat');
INSERT INTO `klasifikasi` VALUES (200, '143', 'Kekayaan desa');
INSERT INTO `klasifikasi` VALUES (201, '143.1', 'Tanah hak pakai desa meliputi tanah bengkok');
INSERT INTO `klasifikasi` VALUES (202, '143.2', 'Tanah Titisara');
INSERT INTO `klasifikasi` VALUES (203, '143.3', 'Tanah Pengangonan');
INSERT INTO `klasifikasi` VALUES (204, '143.4', 'Tanah desa lainya');
INSERT INTO `klasifikasi` VALUES (205, '143.5', 'Jalan desa');
INSERT INTO `klasifikasi` VALUES (206, '143.6', 'Bangunan Desa');
INSERT INTO `klasifikasi` VALUES (207, '143.7', 'Kekayaan des lainnya dsb');
INSERT INTO `klasifikasi` VALUES (208, '144', 'Lembaga- lembaga tingkat desa/Dewan tingkat desa. Dewan Marga, Rembug desa');
INSERT INTO `klasifikasi` VALUES (209, '144.1', 'LKMD (Lembaga Ketahanan Masyarakat Desa)');
INSERT INTO `klasifikasi` VALUES (210, '144.2', 'LPMD (Lembaga Perwakilan Masyarakat Desa)');
INSERT INTO `klasifikasi` VALUES (211, '145', 'Administrasi desa');
INSERT INTO `klasifikasi` VALUES (212, '146', 'Kewilayahan');
INSERT INTO `klasifikasi` VALUES (213, '146.1', 'Pemekaran desa/Kelurahan');
INSERT INTO `klasifikasi` VALUES (214, '146.2', 'Pembentukan desa/Kelurahan');
INSERT INTO `klasifikasi` VALUES (215, '146.3', 'Perubahan batas wilayah/Perluasan desa/Kelurahan');
INSERT INTO `klasifikasi` VALUES (216, '146.4', 'Perubahan nama desa /Kelurahan');
INSERT INTO `klasifikasi` VALUES (217, '146.5', 'Permasalahan batas desa');
INSERT INTO `klasifikasi` VALUES (218, '146.6', 'Penyatuan desa/Kelurahan');
INSERT INTO `klasifikasi` VALUES (219, '146.7', 'Penghapusan desa/Kelurahan dsb');
INSERT INTO `klasifikasi` VALUES (220, '147', 'Lembaga-lembaga tingkat desa. Jangan diklasifikasikan di sini. Lh: 410 dengan perinciannya.');
INSERT INTO `klasifikasi` VALUES (221, '148', 'RT-RW-RK.');
INSERT INTO `klasifikasi` VALUES (222, '150', 'LEGISLATIF. MPR/DPR');
INSERT INTO `klasifikasi` VALUES (223, '151', 'Keanggotaan MPR');
INSERT INTO `klasifikasi` VALUES (224, '151.1', 'Pencalonan');
INSERT INTO `klasifikasi` VALUES (225, '151.2', 'Pengangkatan');
INSERT INTO `klasifikasi` VALUES (226, '151.3', 'Pemberhentian');
INSERT INTO `klasifikasi` VALUES (227, '151.31', 'Recall');
INSERT INTO `klasifikasi` VALUES (228, '151.32', 'Meninggal');
INSERT INTO `klasifikasi` VALUES (229, '151.4', 'Pelanggaran');
INSERT INTO `klasifikasi` VALUES (230, '152', 'Persidangan MPR');
INSERT INTO `klasifikasi` VALUES (231, '153', 'Kesejahteraan');
INSERT INTO `klasifikasi` VALUES (232, '153.1', 'Keuangan');
INSERT INTO `klasifikasi` VALUES (233, '153.2', 'Penghargaan');
INSERT INTO `klasifikasi` VALUES (234, '153.3', 'Pemberhentian');
INSERT INTO `klasifikasi` VALUES (235, '153.4', 'Recall');
INSERT INTO `klasifikasi` VALUES (236, '153.5', 'Meninggal');
INSERT INTO `klasifikasi` VALUES (237, '154', 'Hak');
INSERT INTO `klasifikasi` VALUES (238, '155', 'Keanggotaan DPR');
INSERT INTO `klasifikasi` VALUES (239, '155.1', 'Pencalonan');
INSERT INTO `klasifikasi` VALUES (240, '155.2', 'Pengangkatan');
INSERT INTO `klasifikasi` VALUES (241, '155.3', 'Pemberhentian');
INSERT INTO `klasifikasi` VALUES (242, '155.31', 'Recall');
INSERT INTO `klasifikasi` VALUES (243, '155.32', 'Meninggal');
INSERT INTO `klasifikasi` VALUES (244, '155.4', 'Pelanggaran');
INSERT INTO `klasifikasi` VALUES (245, '156', 'Persidangan');
INSERT INTO `klasifikasi` VALUES (246, '156.1', 'Sidang Pleno');
INSERT INTO `klasifikasi` VALUES (247, '156.2', 'Dengar Pendapat');
INSERT INTO `klasifikasi` VALUES (248, '156.3', 'Rapat Komisi');
INSERT INTO `klasifikasi` VALUES (249, '156.4', 'Reses');
INSERT INTO `klasifikasi` VALUES (250, '157', 'Kesejahteraan');
INSERT INTO `klasifikasi` VALUES (251, '157.1', 'Keuangan');
INSERT INTO `klasifikasi` VALUES (252, '157.2', 'Penghargaan');
INSERT INTO `klasifikasi` VALUES (253, '158', 'Jawaban Pemerintah');
INSERT INTO `klasifikasi` VALUES (254, '159', 'Hak');
INSERT INTO `klasifikasi` VALUES (255, '160', 'DPRD TINGKAT I');
INSERT INTO `klasifikasi` VALUES (256, '161', 'Keanggotaan');
INSERT INTO `klasifikasi` VALUES (257, '161.1', 'Pencalonan');
INSERT INTO `klasifikasi` VALUES (258, '161.2', 'Pengangkatan');
INSERT INTO `klasifikasi` VALUES (259, '161.3', 'Pemberhentian');
INSERT INTO `klasifikasi` VALUES (260, '161.31', 'Recall');
INSERT INTO `klasifikasi` VALUES (261, '161.32', 'Meninggal');
INSERT INTO `klasifikasi` VALUES (262, '161.4', 'Pelanggaran');
INSERT INTO `klasifikasi` VALUES (263, '162', 'Persidangan');
INSERT INTO `klasifikasi` VALUES (264, '162.1', 'Reses');
INSERT INTO `klasifikasi` VALUES (265, '163', 'Kesejahteraan');
INSERT INTO `klasifikasi` VALUES (266, '163.1', 'Keuangan');
INSERT INTO `klasifikasi` VALUES (267, '163.2', 'Penghargaan');
INSERT INTO `klasifikasi` VALUES (268, '164', 'Hak');
INSERT INTO `klasifikasi` VALUES (269, '165', 'Sekretaris DPRD Tingkat');
INSERT INTO `klasifikasi` VALUES (270, '170', 'DPRD TINGAT II');
INSERT INTO `klasifikasi` VALUES (271, '171', 'KEANGGOTAAN');
INSERT INTO `klasifikasi` VALUES (272, '171.1', 'Pecalonan');
INSERT INTO `klasifikasi` VALUES (273, '171.2', 'Pengangkatan');
INSERT INTO `klasifikasi` VALUES (274, '171.3', 'Pemberhentian');
INSERT INTO `klasifikasi` VALUES (275, '171.31', 'Recall');
INSERT INTO `klasifikasi` VALUES (276, '171.32', 'Meninggal');
INSERT INTO `klasifikasi` VALUES (277, '171.4', 'Pelanggaran');
INSERT INTO `klasifikasi` VALUES (278, '172', 'Persidangan');
INSERT INTO `klasifikasi` VALUES (279, '172.1', 'Reses');
INSERT INTO `klasifikasi` VALUES (280, '172.2', 'Tata tertib');
INSERT INTO `klasifikasi` VALUES (281, '172.3', 'Sidang Pleno');
INSERT INTO `klasifikasi` VALUES (282, '172.4', 'Sidang Paripurna');
INSERT INTO `klasifikasi` VALUES (283, '172.5', 'Dengar Pendapat');
INSERT INTO `klasifikasi` VALUES (284, '172.6', 'Peninjauan');
INSERT INTO `klasifikasi` VALUES (285, '172.7', 'Study Banding');
INSERT INTO `klasifikasi` VALUES (286, '172.8', 'Kunjungan Kerja');
INSERT INTO `klasifikasi` VALUES (287, '172.9', 'Rapat- rapat meliputi:Rapat panitia musyawarah, komisi, Fraksi, panitia khusus dsb');
INSERT INTO `klasifikasi` VALUES (288, '173', 'Kesejahteraan');
INSERT INTO `klasifikasi` VALUES (289, '173.1', 'Keuangan');
INSERT INTO `klasifikasi` VALUES (290, '173.2', 'Penghargaan');
INSERT INTO `klasifikasi` VALUES (291, '174', 'Hak');
INSERT INTO `klasifikasi` VALUES (292, '175', 'Sekretaria DPRD Tingkat II');
INSERT INTO `klasifikasi` VALUES (293, '180', 'HUKUM');
INSERT INTO `klasifikasi` VALUES (294, '180.1', 'Konstitusi');
INSERT INTO `klasifikasi` VALUES (295, '180.11', 'Dasar Negara');
INSERT INTO `klasifikasi` VALUES (296, '180.12', 'Undang-undang Dasar');
INSERT INTO `klasifikasi` VALUES (297, '180.2', 'GBHN');
INSERT INTO `klasifikasi` VALUES (298, '181', 'Perdata');
INSERT INTO `klasifikasi` VALUES (299, '181.1', 'Tanah');
INSERT INTO `klasifikasi` VALUES (300, '181.2', 'Rumah');
INSERT INTO `klasifikasi` VALUES (301, '181.3', 'Utang/piutang');
INSERT INTO `klasifikasi` VALUES (302, '181.31', 'Gadai');
INSERT INTO `klasifikasi` VALUES (303, '181.32', 'Hipotik');
INSERT INTO `klasifikasi` VALUES (304, '181.4', 'Notariat');
INSERT INTO `klasifikasi` VALUES (305, '182', 'Pidana');
INSERT INTO `klasifikasi` VALUES (306, '182.1', 'PPNS (Penyidik Pegawai Negeri Sipil )');
INSERT INTO `klasifikasi` VALUES (307, '183', 'Peradilan');
INSERT INTO `klasifikasi` VALUES (308, '183.1', 'Peradilan Agama Islam lh. 451.6');
INSERT INTO `klasifikasi` VALUES (309, '183.2', 'Peradilan perkara tanah lh 593.71');
INSERT INTO `klasifikasi` VALUES (310, '183.3', 'Bantuan Hukum');
INSERT INTO `klasifikasi` VALUES (311, '183.4', 'Peradilan Umum');
INSERT INTO `klasifikasi` VALUES (312, '183.5', 'Peradilan militer');
INSERT INTO `klasifikasi` VALUES (313, '183.6', 'Peradilan tata usaha negara');
INSERT INTO `klasifikasi` VALUES (314, '183.7', 'Upaya hukum');
INSERT INTO `klasifikasi` VALUES (315, '183.8', 'Ekskusi');
INSERT INTO `klasifikasi` VALUES (316, '183.9', 'Pembinaan hukum');
INSERT INTO `klasifikasi` VALUES (317, '184', 'Hukum Internasional');
INSERT INTO `klasifikasi` VALUES (318, '185', 'Imigrasi');
INSERT INTO `klasifikasi` VALUES (319, '185.1', 'Visa');
INSERT INTO `klasifikasi` VALUES (320, '185.2', 'Paspor');
INSERT INTO `klasifikasi` VALUES (321, '185.3', 'Exit');
INSERT INTO `klasifikasi` VALUES (322, '185.4', 'Reentry');
INSERT INTO `klasifikasi` VALUES (323, '185.5', 'Lintas batas');
INSERT INTO `klasifikasi` VALUES (324, '186', 'Kepenjaraan');
INSERT INTO `klasifikasi` VALUES (325, '186.1', 'Lembaga pemasyarakatan');
INSERT INTO `klasifikasi` VALUES (326, '186.2', 'Rumah tahanan');
INSERT INTO `klasifikasi` VALUES (327, '187', 'Kejaksaan');
INSERT INTO `klasifikasi` VALUES (328, '188', 'Peraturasn Perundang-undangan');
INSERT INTO `klasifikasi` VALUES (329, '188.1', 'TAP MPR');
INSERT INTO `klasifikasi` VALUES (330, '188.2', 'Undang-undang');
INSERT INTO `klasifikasi` VALUES (331, '188.3', 'Peraturan');
INSERT INTO `klasifikasi` VALUES (332, '188.31', 'Peraturan Pemerintah');
INSERT INTO `klasifikasi` VALUES (333, '188.32', 'Peraturan Mentri');
INSERT INTO `klasifikasi` VALUES (334, '188.33', 'Peraturan Lembaga non Departemen');
INSERT INTO `klasifikasi` VALUES (335, '188.34', 'Peraturan Daerah');
INSERT INTO `klasifikasi` VALUES (336, '188.34', '1 Peraturan Daerah Tingkat I');
INSERT INTO `klasifikasi` VALUES (337, '188.34', '2 Peraturan Daerah Tingkat II');
INSERT INTO `klasifikasi` VALUES (338, '188.4', 'Keputusan');
INSERT INTO `klasifikasi` VALUES (339, '188.41', 'Presiden');
INSERT INTO `klasifikasi` VALUES (340, '188.42', 'Mentri');
INSERT INTO `klasifikasi` VALUES (341, '188.43', 'Lembaga Non Depertemen');
INSERT INTO `klasifikasi` VALUES (342, '188.44', 'Gubernur');
INSERT INTO `klasifikasi` VALUES (343, '188.45', 'Bupati/ wali kota');
INSERT INTO `klasifikasi` VALUES (344, '188.5', 'Instruksi');
INSERT INTO `klasifikasi` VALUES (345, '188.51', 'Presiden');
INSERT INTO `klasifikasi` VALUES (346, '188.52', 'Mentri');
INSERT INTO `klasifikasi` VALUES (347, '188.53', 'Lembaga Non Depertemen');
INSERT INTO `klasifikasi` VALUES (348, '188.54', 'Gubernur');
INSERT INTO `klasifikasi` VALUES (349, '188.55', 'Bupati/ wali kota');
INSERT INTO `klasifikasi` VALUES (350, '189', 'Hukum adat');
INSERT INTO `klasifikasi` VALUES (351, '189.1', 'Tokoh adat/masyarakat');
INSERT INTO `klasifikasi` VALUES (352, '190', 'HUBUNGAN LUAR NEGRI');
INSERT INTO `klasifikasi` VALUES (353, '192', 'Perwakilan asing');
INSERT INTO `klasifikasi` VALUES (354, '193', 'Tamu Negara');
INSERT INTO `klasifikasi` VALUES (355, '193.1', 'Kerjasama dengan negara asing');
INSERT INTO `klasifikasi` VALUES (356, '193.2', 'Asean');
INSERT INTO `klasifikasi` VALUES (357, '193.3', 'Bantuan Luar negri');
INSERT INTO `klasifikasi` VALUES (358, '194', 'Perwakilan RI di luar Negri');
INSERT INTO `klasifikasi` VALUES (359, '195', 'PBB');
INSERT INTO `klasifikasi` VALUES (360, '196', 'Laporan luar negri');
INSERT INTO `klasifikasi` VALUES (361, '200', 'POLITIK');
INSERT INTO `klasifikasi` VALUES (362, '201', 'Kebijaksanaan Umum, Santiaji, Wawasan kebangsaan');
INSERT INTO `klasifikasi` VALUES (363, '202', 'Orde Baru');
INSERT INTO `klasifikasi` VALUES (364, '203', 'Reformasi');
INSERT INTO `klasifikasi` VALUES (365, '210', 'KEPARTAIAN');
INSERT INTO `klasifikasi` VALUES (366, '211', 'Partai Demokrasi Indonesia');
INSERT INTO `klasifikasi` VALUES (367, '212', 'Golongan Karya');
INSERT INTO `klasifikasi` VALUES (368, '213', 'Partai Persatuan Pembangunan');
INSERT INTO `klasifikasi` VALUES (369, '220', 'ORGANISASI KEMASYARAKATAN');
INSERT INTO `klasifikasi` VALUES (370, '221', 'Berdasarkan Perjuangan');
INSERT INTO `klasifikasi` VALUES (371, '221.1', 'Perintis Kemerdekaan');
INSERT INTO `klasifikasi` VALUES (372, '221.2', 'Angkatan 45');
INSERT INTO `klasifikasi` VALUES (373, '221.3', 'Veteran');
INSERT INTO `klasifikasi` VALUES (374, '222', 'Berdasarkan Kekaryaan');
INSERT INTO `klasifikasi` VALUES (375, '222.1', 'PEPABRI');
INSERT INTO `klasifikasi` VALUES (376, '222.2', 'Wreda Tama');
INSERT INTO `klasifikasi` VALUES (377, '223', 'Berdasarkan Kerohanian');
INSERT INTO `klasifikasi` VALUES (378, '223.1', 'Muhammadiyah');
INSERT INTO `klasifikasi` VALUES (379, '223.2', 'N.U');
INSERT INTO `klasifikasi` VALUES (380, '223.3', 'Persatuan Tarikat Islam');
INSERT INTO `klasifikasi` VALUES (381, '223.4', 'LDII');
INSERT INTO `klasifikasi` VALUES (382, '223.5', 'Ahlussunnah Wal Jama\'ah (ASWJ)');
INSERT INTO `klasifikasi` VALUES (383, '230', 'ORGANISASI PROFESI DAN FUNGSIONIL');
INSERT INTO `klasifikasi` VALUES (384, '231', 'Ikatan Dokter Indonesia');
INSERT INTO `klasifikasi` VALUES (385, '232', 'Persatuan Guru Republik Indonesia');
INSERT INTO `klasifikasi` VALUES (386, '233', 'Persatuan Sarjana Hukum Indonesia');
INSERT INTO `klasifikasi` VALUES (387, '234', 'Persatuan Advokat Indonesia');
INSERT INTO `klasifikasi` VALUES (388, '235', 'Lembaga Bantuan Hukum');
INSERT INTO `klasifikasi` VALUES (389, '236', 'Korps Pegawai Repulik Indonesia');
INSERT INTO `klasifikasi` VALUES (390, '237', 'Persatuan Wartawan Indonesia');
INSERT INTO `klasifikasi` VALUES (391, '238', 'Organisasi Profesi dan fungsional lainnya');
INSERT INTO `klasifikasi` VALUES (392, '240', 'ORGANISASI PEMUDA');
INSERT INTO `klasifikasi` VALUES (393, '241', 'Komite Nasional Pemuda Indonesia');
INSERT INTO `klasifikasi` VALUES (394, '242', 'Organisasi Mahasiswa');
INSERT INTO `klasifikasi` VALUES (395, '243', 'Organisasi Pelajar');
INSERT INTO `klasifikasi` VALUES (396, '244', 'Gerakan Pemuda Ansor');
INSERT INTO `klasifikasi` VALUES (397, '245', 'Gerakan Pemuda Islam Indonesia');
INSERT INTO `klasifikasi` VALUES (398, '246', 'Gerakan Pemuda Marhaenis');
INSERT INTO `klasifikasi` VALUES (399, '250', 'ORGANISASI BURUH,TANI DAN NELAYAN');
INSERT INTO `klasifikasi` VALUES (400, '251', 'FederasiBuruh Seluruh Indonesia');
INSERT INTO `klasifikasi` VALUES (401, '252', 'Organisasi Buruh Internasional');
INSERT INTO `klasifikasi` VALUES (402, '253', 'Himpunan Kerukunan Tani Indonesia');
INSERT INTO `klasifikasi` VALUES (403, '254', 'Himpunan Nelayan Seluruh Indonesia');
INSERT INTO `klasifikasi` VALUES (404, '260', 'ORGANISASI WANITA');
INSERT INTO `klasifikasi` VALUES (405, '261', 'Drama Wanita');
INSERT INTO `klasifikasi` VALUES (406, '262', 'Kongres Wanita Indonesia');
INSERT INTO `klasifikasi` VALUES (407, '263', 'Persatuan Wanita Republik Indonesia');
INSERT INTO `klasifikasi` VALUES (408, '270', 'PEMILIHAN UMUM');
INSERT INTO `klasifikasi` VALUES (409, '271', 'Pencalonan');
INSERT INTO `klasifikasi` VALUES (410, '272', 'Tanda gambar');
INSERT INTO `klasifikasi` VALUES (411, '273', 'Kampanye');
INSERT INTO `klasifikasi` VALUES (412, '274', 'Komisi pemilihan umum (Sekretariat)');
INSERT INTO `klasifikasi` VALUES (413, '274.1', 'Sekretariat');
INSERT INTO `klasifikasi` VALUES (414, '274.2', 'Panitia pengawas pemilu');
INSERT INTO `klasifikasi` VALUES (415, '274.3', 'Petugas pemilu');
INSERT INTO `klasifikasi` VALUES (416, '275', 'Panitia pengawas pemilu');
INSERT INTO `klasifikasi` VALUES (417, '276', 'Petugas pemilu');
INSERT INTO `klasifikasi` VALUES (418, '277', 'Pemungutan suara/ penghitungan suara');
INSERT INTO `klasifikasi` VALUES (419, '278', 'Hasil pemilu');
INSERT INTO `klasifikasi` VALUES (420, '279', 'Keuangan');
INSERT INTO `klasifikasi` VALUES (421, '300', 'KEAMANAN /KETERTIBAN');
INSERT INTO `klasifikasi` VALUES (422, '301', 'Bangunan liar');
INSERT INTO `klasifikasi` VALUES (423, '310', 'PERTAHANAN');
INSERT INTO `klasifikasi` VALUES (424, '311', 'Darat');
INSERT INTO `klasifikasi` VALUES (425, '312', 'Laut');
INSERT INTO `klasifikasi` VALUES (426, '313', 'Udara');
INSERT INTO `klasifikasi` VALUES (427, '320', 'KEMILITERAN');
INSERT INTO `klasifikasi` VALUES (428, '321', 'Latihan Militer dan Bela Negara');
INSERT INTO `klasifikasi` VALUES (429, '322', 'Wajib Militer');
INSERT INTO `klasifikasi` VALUES (430, '323', 'Operasi Militer / Darurat militer');
INSERT INTO `klasifikasi` VALUES (431, '323.1', 'TMMD (Tentara Manunggal Masuk Desa)');
INSERT INTO `klasifikasi` VALUES (432, '324', 'Kekaryaan ABRI Pejabat sipil dari ABRI Klasifikasikan Dwifungsi ABRI');
INSERT INTO `klasifikasi` VALUES (433, '330', 'KEAMANAN');
INSERT INTO `klasifikasi` VALUES (434, '331', 'Kepolisian');
INSERT INTO `klasifikasi` VALUES (435, '331.1', 'Polisi Pamong Praja');
INSERT INTO `klasifikasi` VALUES (436, '331.2', 'Satuan pengamanan (SATPAM/Security)');
INSERT INTO `klasifikasi` VALUES (437, '332', 'Huru-hara/Demokrasi');
INSERT INTO `klasifikasi` VALUES (438, '333', 'Senjata api/tajam');
INSERT INTO `klasifikasi` VALUES (439, '334', 'Bahan Peledak/BOM');
INSERT INTO `klasifikasi` VALUES (440, '335', 'Perjudian, TOGEL');
INSERT INTO `klasifikasi` VALUES (441, '336', 'Surat-surat kaleng');
INSERT INTO `klasifikasi` VALUES (442, '340', 'PERTAHANAN SIPIL');
INSERT INTO `klasifikasi` VALUES (443, '350', 'KEJAHATAN');
INSERT INTO `klasifikasi` VALUES (444, '351', 'Makar/pemberontakan');
INSERT INTO `klasifikasi` VALUES (445, '352', 'Pembunuhan');
INSERT INTO `klasifikasi` VALUES (446, '352.1', 'Bunuh diri');
INSERT INTO `klasifikasi` VALUES (447, '352.2', 'Keracunan');
INSERT INTO `klasifikasi` VALUES (448, '353', 'Penganiayaan, pencurian/pemarasan');
INSERT INTO `klasifikasi` VALUES (449, '354', 'Subversi/penyelundupan/narkotika');
INSERT INTO `klasifikasi` VALUES (450, '355', 'Pemalsuan');
INSERT INTO `klasifikasi` VALUES (451, '355.1', 'Uang');
INSERT INTO `klasifikasi` VALUES (452, '355.2', 'Ijazah');
INSERT INTO `klasifikasi` VALUES (453, '355.3', 'Kejahatan pemalsuan lainya');
INSERT INTO `klasifikasi` VALUES (454, '356', 'Korupsi/penyelewengan/penyalahan jabatan');
INSERT INTO `klasifikasi` VALUES (455, '357', 'Perkosaan/perbuatan cabul');
INSERT INTO `klasifikasi` VALUES (456, '358', 'Kenakalan');
INSERT INTO `klasifikasi` VALUES (457, '359', 'Kejahata lainya');
INSERT INTO `klasifikasi` VALUES (458, '359.1', 'Kolusi, korupsi dan Nepotisme (KKN)');
INSERT INTO `klasifikasi` VALUES (459, '359.2', 'Money Loundry');
INSERT INTO `klasifikasi` VALUES (460, '360', 'BENCANA (Satuan Pelaksana Penanggulangan Bencana Alam /Satlak PBA)');
INSERT INTO `klasifikasi` VALUES (461, '361', 'Gunung berapi/gempa');
INSERT INTO `klasifikasi` VALUES (462, '362', 'Banjir/tanah longsor');
INSERT INTO `klasifikasi` VALUES (463, '363', 'Angin topan');
INSERT INTO `klasifikasi` VALUES (464, '364', 'Kebakaran');
INSERT INTO `klasifikasi` VALUES (465, '364.1', 'Pemadam Kebakaran');
INSERT INTO `klasifikasi` VALUES (466, '365', 'Kekeringan');
INSERT INTO `klasifikasi` VALUES (467, '370', 'KECELAKAAN');
INSERT INTO `klasifikasi` VALUES (468, '371', 'Klasifikasi disini : SAR');
INSERT INTO `klasifikasi` VALUES (469, '400', 'KESEJAHTEARAAN RAKYAT (SMD Berkualitas)');
INSERT INTO `klasifikasi` VALUES (470, '410', 'PEMBANGUNAN DESA');
INSERT INTO `klasifikasi` VALUES (471, '411', 'Pembinaan Usaha Gotong Royong');
INSERT INTO `klasifikasi` VALUES (472, '411.1', 'Swadaya Gotong Royong');
INSERT INTO `klasifikasi` VALUES (473, '411.11', 'Penataan gotong royong');
INSERT INTO `klasifikasi` VALUES (474, '411.12', 'Gotong royong Dinamis');
INSERT INTO `klasifikasi` VALUES (475, '411.13', 'Gotong royong Statis');
INSERT INTO `klasifikasi` VALUES (476, '411.14', 'Pungutan');
INSERT INTO `klasifikasi` VALUES (477, '411.2', 'Lembaga Sosial Desa (LSD)');
INSERT INTO `klasifikasi` VALUES (478, '411.21', 'Pembinaan');
INSERT INTO `klasifikasi` VALUES (479, '411.22', 'Klasifikasi');
INSERT INTO `klasifikasi` VALUES (480, '411.23', 'Proyek');
INSERT INTO `klasifikasi` VALUES (481, '411.24', 'Musyawarah');
INSERT INTO `klasifikasi` VALUES (482, '411.3', 'Latihan Kerja Masyarakat');
INSERT INTO `klasifikasi` VALUES (483, '411.31', 'Kader Masyarakat');
INSERT INTO `klasifikasi` VALUES (484, '411.32', 'Kuliah Kerja Nyata (KKN)');
INSERT INTO `klasifikasi` VALUES (485, '411.33', 'Pusat Latihan');
INSERT INTO `klasifikasi` VALUES (486, '411.34', 'Kursus-kursus');
INSERT INTO `klasifikasi` VALUES (487, '411.35', 'Kurikulum/Sylabus');
INSERT INTO `klasifikasi` VALUES (488, '411.36', 'Keterampilan');
INSERT INTO `klasifikasi` VALUES (489, '411.37', 'Pramuka');
INSERT INTO `klasifikasi` VALUES (490, '411.4', 'Pembinaan Kesejahteraan Keluarga (PKK)');
INSERT INTO `klasifikasi` VALUES (491, '411.41', 'Progam');
INSERT INTO `klasifikasi` VALUES (492, '411.42', 'Pembinaan Organisasi');
INSERT INTO `klasifikasi` VALUES (493, '411.43', 'Kegiatan');
INSERT INTO `klasifikasi` VALUES (494, '411.44', 'Pengarusutamaan Gender (PUG)');
INSERT INTO `klasifikasi` VALUES (495, '411.45', 'Pemberdayaan Perempuan');
INSERT INTO `klasifikasi` VALUES (496, '411.5', 'Penyuluhan');
INSERT INTO `klasifikasi` VALUES (497, '411.51', 'Publikasi');
INSERT INTO `klasifikasi` VALUES (498, '411.52', 'Peragaan');
INSERT INTO `klasifikasi` VALUES (499, '411.53', 'Sosio Drama');
INSERT INTO `klasifikasi` VALUES (500, '411.54', 'Siaran Pedesaan');
INSERT INTO `klasifikasi` VALUES (501, '411.55', 'Penyuluhan lapangan');
INSERT INTO `klasifikasi` VALUES (502, '411.6', 'Kelembagaan Desa');
INSERT INTO `klasifikasi` VALUES (503, '411.61', 'Kelompok Tani');
INSERT INTO `klasifikasi` VALUES (504, '411.62', 'Rukun Tani');
INSERT INTO `klasifikasi` VALUES (505, '411.63', 'Subak');
INSERT INTO `klasifikasi` VALUES (506, '411.64', 'Dharma Tirta');
INSERT INTO `klasifikasi` VALUES (507, '411.65', 'Klompencapir');
INSERT INTO `klasifikasi` VALUES (508, '411.66', 'Kelompok Tani Ternak');
INSERT INTO `klasifikasi` VALUES (509, '412', 'Perekonomian Desa');
INSERT INTO `klasifikasi` VALUES (510, '412.1', 'Produksi Desa');
INSERT INTO `klasifikasi` VALUES (511, '412.12', 'Pengolahan');
INSERT INTO `klasifikasi` VALUES (512, '412.13', 'Pemasaran');
INSERT INTO `klasifikasi` VALUES (513, '412.2', 'Keuangan Desa');
INSERT INTO `klasifikasi` VALUES (514, '412.21', 'Perkreditan Desa');
INSERT INTO `klasifikasi` VALUES (515, '412.22', 'Innsventarisasi Desa');
INSERT INTO `klasifikasi` VALUES (516, '412.23', 'Perkembangan/pelaksanaan');
INSERT INTO `klasifikasi` VALUES (517, '412.24', 'Bantuan/ Stimulans');
INSERT INTO `klasifikasi` VALUES (518, '412.25', 'Petunjuk/pembinaan Pelaksanan');
INSERT INTO `klasifikasi` VALUES (519, '412.3', 'Koperasi Desa');
INSERT INTO `klasifikasi` VALUES (520, '412.31', 'Badan Usaha Unit Desa (BUUD)');
INSERT INTO `klasifikasi` VALUES (521, '412.32', 'Koperasi Usaha Desa (KUD)');
INSERT INTO `klasifikasi` VALUES (522, '412.33', 'Badan Usaha Kredit Pedesaan (BUKP)');
INSERT INTO `klasifikasi` VALUES (523, '412.4', 'Penataan Bantuan Pembangunan Desa');
INSERT INTO `klasifikasi` VALUES (524, '412.41', 'Jumlah Desa Yang diberi Bantuan');
INSERT INTO `klasifikasi` VALUES (525, '412.42', 'Pengarahan');
INSERT INTO `klasifikasi` VALUES (526, '412.43', 'Pusat');
INSERT INTO `klasifikasi` VALUES (527, '412.44', 'Daerah');
INSERT INTO `klasifikasi` VALUES (528, '412.5', 'Alokasi Bantuan Pembangunan Desa');
INSERT INTO `klasifikasi` VALUES (529, '412.51', 'Pusat');
INSERT INTO `klasifikasi` VALUES (530, '412.52', 'Daerah');
INSERT INTO `klasifikasi` VALUES (531, '412.6', 'Pelaksanaan Bantuan Pembangunan Desa');
INSERT INTO `klasifikasi` VALUES (532, '412.61', 'Bantuan Langsung');
INSERT INTO `klasifikasi` VALUES (533, '412.62', 'Bantuan Keserasian');
INSERT INTO `klasifikasi` VALUES (534, '412.63', 'Bantuan Juara Lomba Desa');
INSERT INTO `klasifikasi` VALUES (535, '413', 'Prasarana Desa');
INSERT INTO `klasifikasi` VALUES (536, '413.1', 'Prasarana Desa');
INSERT INTO `klasifikasi` VALUES (537, '413.11', 'Pembinaan');
INSERT INTO `klasifikasi` VALUES (538, '413.12', 'Bimbingan Tehnis');
INSERT INTO `klasifikasi` VALUES (539, '413.2', 'Pemukiman Kembali Penduduk');
INSERT INTO `klasifikasi` VALUES (540, '413.21', 'Lokasi');
INSERT INTO `klasifikasi` VALUES (541, '413.22', 'Dikusi');
INSERT INTO `klasifikasi` VALUES (542, '413.23', 'Pelaksanaan');
INSERT INTO `klasifikasi` VALUES (543, '413.3', 'Masyarakat Pradesa');
INSERT INTO `klasifikasi` VALUES (544, '413.31', 'Pembinaan');
INSERT INTO `klasifikasi` VALUES (545, '413.32', 'Penyuluhan');
INSERT INTO `klasifikasi` VALUES (546, '413.33', 'Kimpraswil');
INSERT INTO `klasifikasi` VALUES (547, '413.4', 'Pemugaran Perumahan dan Lingkungn Desa');
INSERT INTO `klasifikasi` VALUES (548, '413.41', 'Rumah Sehat');
INSERT INTO `klasifikasi` VALUES (549, '413.42', 'Proyek Perintis');
INSERT INTO `klasifikasi` VALUES (550, '413.43', 'Pelaksanaan');
INSERT INTO `klasifikasi` VALUES (551, '413.44', 'Pengembangan');
INSERT INTO `klasifikasi` VALUES (552, '413.45', 'Perbaikan Kampung');
INSERT INTO `klasifikasi` VALUES (553, '414', 'Pengembangan Desa');
INSERT INTO `klasifikasi` VALUES (554, '414.1', 'Tingkat Perkembangan Desa');
INSERT INTO `klasifikasi` VALUES (555, '414.12', 'Jumlah Desa');
INSERT INTO `klasifikasi` VALUES (556, '414.13', 'Pemekaran Desa');
INSERT INTO `klasifikasi` VALUES (557, '414.14', 'Pembentukan Desa Baru');
INSERT INTO `klasifikasi` VALUES (558, '414.15', 'Evaluasi');
INSERT INTO `klasifikasi` VALUES (559, '414.16', 'Bagan');
INSERT INTO `klasifikasi` VALUES (560, '414.17', 'RT berprestasi');
INSERT INTO `klasifikasi` VALUES (561, '414.2', 'Unit Daerah Kerja Pembangunan(UDKP)');
INSERT INTO `klasifikasi` VALUES (562, '414.21', 'Penyusunan Program');
INSERT INTO `klasifikasi` VALUES (563, '414.22', 'Lokasi UDKP');
INSERT INTO `klasifikasi` VALUES (564, '414.23', 'Pelaksanaan');
INSERT INTO `klasifikasi` VALUES (565, '414.24', 'Bimbingan /Pembinaan');
INSERT INTO `klasifikasi` VALUES (566, '414.25', 'Evaluasi');
INSERT INTO `klasifikasi` VALUES (567, '414.3', 'Tata Desa');
INSERT INTO `klasifikasi` VALUES (568, '414.31', 'Inventarisasi');
INSERT INTO `klasifikasi` VALUES (569, '414.32', 'Penyusunan Pola Tata Desa');
INSERT INTO `klasifikasi` VALUES (570, '414.33', 'Aplikasi Tata Desa');
INSERT INTO `klasifikasi` VALUES (571, '414.34', 'Pemetaan');
INSERT INTO `klasifikasi` VALUES (572, '414.35', 'Pedoman Pelaksanaan');
INSERT INTO `klasifikasi` VALUES (573, '414.36', 'Evaluasi');
INSERT INTO `klasifikasi` VALUES (574, '414.4', 'Pelombaan Desa /evaluasi pembangunan desa');
INSERT INTO `klasifikasi` VALUES (575, '414.41', 'Pedoman');
INSERT INTO `klasifikasi` VALUES (576, '414.42', 'Penilaian');
INSERT INTO `klasifikasi` VALUES (577, '414.43', 'Kejuaraan');
INSERT INTO `klasifikasi` VALUES (578, '414.44', 'Piagam');
INSERT INTO `klasifikasi` VALUES (579, '415', 'Koordinasi');
INSERT INTO `klasifikasi` VALUES (580, '415.1', 'Sektor Khusus(K)');
INSERT INTO `klasifikasi` VALUES (581, '415.2', 'Rapat Koordinasi Horisontal(RKH)');
INSERT INTO `klasifikasi` VALUES (582, '415.3', 'Team Koordinasi Pusat (TKP)');
INSERT INTO `klasifikasi` VALUES (583, '415.4', 'Kerjasama');
INSERT INTO `klasifikasi` VALUES (584, '415.41', 'Luar Negeri(UNICEF)');
INSERT INTO `klasifikasi` VALUES (585, '415.42', 'Perguruan Tinggi');
INSERT INTO `klasifikasi` VALUES (586, '415.43', 'Departemen/Lembaga Non Departemen');
INSERT INTO `klasifikasi` VALUES (587, '420', 'PENDIDIKAN');
INSERT INTO `klasifikasi` VALUES (588, '420.1', 'Pendidikan khusus.Klasifikasi di sini:Pendidikan Putra-2 Irian Jaya');
INSERT INTO `klasifikasi` VALUES (589, '421', 'Sekolah /Perguruan Tinggi');
INSERT INTO `klasifikasi` VALUES (590, '421.1', 'Pra Sekolah /play group');
INSERT INTO `klasifikasi` VALUES (591, '421.2', 'Sekolah Dasar');
INSERT INTO `klasifikasi` VALUES (592, '421.3', 'Sekolah Menengah');
INSERT INTO `klasifikasi` VALUES (593, '421.4', 'Sekolah Tinggi');
INSERT INTO `klasifikasi` VALUES (594, '421.5', 'Sekolah Kejuruan');
INSERT INTO `klasifikasi` VALUES (595, '421.6', 'Kegiatan Sekolahan,Dies Natalis,Lustrum');
INSERT INTO `klasifikasi` VALUES (596, '421.61', 'Perguruan tinggi (PT)');
INSERT INTO `klasifikasi` VALUES (597, '421.7', 'Kegiatan Pelajar');
INSERT INTO `klasifikasi` VALUES (598, '421.71', 'Reuni Darmawisata');
INSERT INTO `klasifikasi` VALUES (599, '421.72', 'Pelajar Teladan');
INSERT INTO `klasifikasi` VALUES (600, '421.73', 'Resimen Mahasiswa(MENWA)');
INSERT INTO `klasifikasi` VALUES (601, '421.74', 'Kunjungan Ilmiah');
INSERT INTO `klasifikasi` VALUES (602, '421.75', 'Class meeting');
INSERT INTO `klasifikasi` VALUES (603, '421.76', 'Ekstra kurikuler');
INSERT INTO `klasifikasi` VALUES (604, '421.77', 'Pendidikan luar sekolah');
INSERT INTO `klasifikasi` VALUES (605, '421.8', 'Sekolah Pendidikan Luar Biasa');
INSERT INTO `klasifikasi` VALUES (606, '421.9', 'Pendidikan Luar Sekolah/Pemberantasan Buta Huruf');
INSERT INTO `klasifikasi` VALUES (607, '422', 'Administrasi Sekolahan');
INSERT INTO `klasifikasi` VALUES (608, '422.1', 'Persyaratan Masuk Sekolah, testing, Ujian, Pendaftaran, mapram, perpeloncoan.');
INSERT INTO `klasifikasi` VALUES (609, '422.2', 'Tahun Pelajaran / Tahun Akademik');
INSERT INTO `klasifikasi` VALUES (610, '422.3', 'Hari Libur');
INSERT INTO `klasifikasi` VALUES (611, '422.4', 'Uang Sekolah-Klasifikasikan disini SPP');
INSERT INTO `klasifikasi` VALUES (612, '422.5', 'Beasiswa');
INSERT INTO `klasifikasi` VALUES (613, '422.6', 'SPMA,BOP');
INSERT INTO `klasifikasi` VALUES (614, '422.7', 'Biaya belajar mandiri (BBM)');
INSERT INTO `klasifikasi` VALUES (615, '422.8', 'Masa orientasi siswa');
INSERT INTO `klasifikasi` VALUES (616, '422.9', 'Orientasi kampus /OPSPEK');
INSERT INTO `klasifikasi` VALUES (617, '423', 'Metode Belajar');
INSERT INTO `klasifikasi` VALUES (618, '423.1', 'Kuliah');
INSERT INTO `klasifikasi` VALUES (619, '423.2', 'Ceramah,Simposium');
INSERT INTO `klasifikasi` VALUES (620, '423.3', 'Diskusi');
INSERT INTO `klasifikasi` VALUES (621, '423.4', 'Kuliah Lapangan,Widyawisata,KKN');
INSERT INTO `klasifikasi` VALUES (622, '423.5', 'Kurikulum');
INSERT INTO `klasifikasi` VALUES (623, '423.6', 'Karya Tulis');
INSERT INTO `klasifikasi` VALUES (624, '423.7', 'Ujian');
INSERT INTO `klasifikasi` VALUES (625, '423.8', 'PKL');
INSERT INTO `klasifikasi` VALUES (626, '423.9', 'Praktek Industri');
INSERT INTO `klasifikasi` VALUES (627, '423.10', 'Kurikulum berbasis kompetensi (KBK)');
INSERT INTO `klasifikasi` VALUES (628, '423.11', 'Sylabusi');
INSERT INTO `klasifikasi` VALUES (629, '423.12', 'Tes Hasil Belajar (THB)');
INSERT INTO `klasifikasi` VALUES (630, '424', 'Tenaga Pengajar, Guru, Dosen, Dekan,Rektor (Klasifikasikan disini: Guru Teladan)');
INSERT INTO `klasifikasi` VALUES (631, '424.1', 'Pengawas sekolah');
INSERT INTO `klasifikasi` VALUES (632, '424.2', 'Tenaga Administrasi');
INSERT INTO `klasifikasi` VALUES (633, '425', 'Sarana Pendidikan');
INSERT INTO `klasifikasi` VALUES (634, '425.1', 'Gedung');
INSERT INTO `klasifikasi` VALUES (635, '425.11', 'Gedumg Sekolah');
INSERT INTO `klasifikasi` VALUES (636, '425.12', 'Kampus');
INSERT INTO `klasifikasi` VALUES (637, '425.13', 'Pusat Kegiatan Mahasiswa');
INSERT INTO `klasifikasi` VALUES (638, '425.2', 'Buku');
INSERT INTO `klasifikasi` VALUES (639, '425.3', 'Perlengkapan Sekolah');
INSERT INTO `klasifikasi` VALUES (640, '426', 'Keolahragaan');
INSERT INTO `klasifikasi` VALUES (641, '426.1', 'Cabang Olahraga');
INSERT INTO `klasifikasi` VALUES (642, '426.2', 'Sarana');
INSERT INTO `klasifikasi` VALUES (643, '426.3', 'Perkumpulan olahraga (PSSI, PELTI )');
INSERT INTO `klasifikasi` VALUES (644, '426.31', 'Gedung olah raga');
INSERT INTO `klasifikasi` VALUES (645, '426.32', 'Stadion');
INSERT INTO `klasifikasi` VALUES (646, '426.33', 'Lapangan');
INSERT INTO `klasifikasi` VALUES (647, '426.34', 'Kolam renang');
INSERT INTO `klasifikasi` VALUES (648, '426.4', 'Pesta olah-raga (klasifikasi disini: PON, Porsade, Olimpiade, dan sebagainya)');
INSERT INTO `klasifikasi` VALUES (649, '426.5', 'Hobby');
INSERT INTO `klasifikasi` VALUES (650, '426.6', 'Instruktur pelatih');
INSERT INTO `klasifikasi` VALUES (651, '427', 'Kepemudaan Meliputi organisasi dan Kegiatan Remaja. (Klasifikasikan disini: Gelanggang remaja,  Karang Taruna)');
INSERT INTO `klasifikasi` VALUES (652, '428', 'Kepramukaan (klasifikasikan disini : Persami, Jambore, Lomba tingkat, Raimuna)');
INSERT INTO `klasifikasi` VALUES (653, '429', 'Pendidikan kedinasan Untuk Departement Dalam Negri lihat 890');
INSERT INTO `klasifikasi` VALUES (654, '430', 'KEBUDAYAAN');
INSERT INTO `klasifikasi` VALUES (655, '430.1', 'Wiyosan Dalem');
INSERT INTO `klasifikasi` VALUES (656, '431', 'Kesenian');
INSERT INTO `klasifikasi` VALUES (657, '431.1', 'Cabang Kesenian');
INSERT INTO `klasifikasi` VALUES (658, '431.2', 'Sarana');
INSERT INTO `klasifikasi` VALUES (659, '431.21', 'Gedung Kesenian');
INSERT INTO `klasifikasi` VALUES (660, '432', 'Kepeurbakalaan');
INSERT INTO `klasifikasi` VALUES (661, '432.1', 'Museum');
INSERT INTO `klasifikasi` VALUES (662, '432.2', 'Peninggalan Kuno');
INSERT INTO `klasifikasi` VALUES (663, '432.21', 'Candi, termasuk pemugaran');
INSERT INTO `klasifikasi` VALUES (664, '432.22', 'Benda');
INSERT INTO `klasifikasi` VALUES (665, '432.23', 'Keraton');
INSERT INTO `klasifikasi` VALUES (666, '432.24', 'Pura');
INSERT INTO `klasifikasi` VALUES (667, '432.25', 'Situs');
INSERT INTO `klasifikasi` VALUES (668, '433', 'Sejarah');
INSERT INTO `klasifikasi` VALUES (669, '434', 'Bahasa');
INSERT INTO `klasifikasi` VALUES (670, '435', 'Usaha pertunjukan, hiburan, kesenangan');
INSERT INTO `klasifikasi` VALUES (671, '436', 'Kepercayaan');
INSERT INTO `klasifikasi` VALUES (672, '440', 'KESEHATAN');
INSERT INTO `klasifikasi` VALUES (673, '441', 'Pembinaan Kesehatan');
INSERT INTO `klasifikasi` VALUES (674, '441.1', 'Gigi');
INSERT INTO `klasifikasi` VALUES (675, '441.2', 'Mata');
INSERT INTO `klasifikasi` VALUES (676, '441.3', 'Jiwa');
INSERT INTO `klasifikasi` VALUES (677, '441.4', 'Kanker');
INSERT INTO `klasifikasi` VALUES (678, '441.5', 'Usaha Kesehatan Sekolah (UKS)');
INSERT INTO `klasifikasi` VALUES (679, '441.6', 'Perawat');
INSERT INTO `klasifikasi` VALUES (680, '441.7', 'Penyuluhan Kesehatan Masyarakat (PKM)');
INSERT INTO `klasifikasi` VALUES (681, '441.8', 'Kesehatan Ibu dan Anak');
INSERT INTO `klasifikasi` VALUES (682, '442', 'Obat-obatan');
INSERT INTO `klasifikasi` VALUES (683, '442.1', 'Pengadaan');
INSERT INTO `klasifikasi` VALUES (684, '442.2', 'Penyimpanan');
INSERT INTO `klasifikasi` VALUES (685, '442.3', 'Obat Generic');
INSERT INTO `klasifikasi` VALUES (686, '442.4', 'Pemalsuan');
INSERT INTO `klasifikasi` VALUES (687, '442.5', 'Obat terlarang (NAPZA)');
INSERT INTO `klasifikasi` VALUES (688, '443', 'Penyakit Menular');
INSERT INTO `klasifikasi` VALUES (689, '443.1', 'Pencegahan');
INSERT INTO `klasifikasi` VALUES (690, '443.2', 'Pembrantasan & Pencegahan Penyakit Menular langsung (P.2 M .L.)');
INSERT INTO `klasifikasi` VALUES (691, '443.21', 'Kusta');
INSERT INTO `klasifikasi` VALUES (692, '443.22', 'Kelamin');
INSERT INTO `klasifikasi` VALUES (693, '443.23', 'Frambosia');
INSERT INTO `klasifikasi` VALUES (694, '443.24', 'T.B.C');
INSERT INTO `klasifikasi` VALUES (695, '443.25', 'SARS');
INSERT INTO `klasifikasi` VALUES (696, '443.26', 'HIV/AIDS');
INSERT INTO `klasifikasi` VALUES (697, '443.3', 'Epidemiologi &Karantina (Epidka)');
INSERT INTO `klasifikasi` VALUES (698, '443.31', 'Kholera');
INSERT INTO `klasifikasi` VALUES (699, '443.32', 'Imunisasi');
INSERT INTO `klasifikasi` VALUES (700, '443.33', 'Survailense');
INSERT INTO `klasifikasi` VALUES (701, '443.34', 'Rabies (Anjing Gila)');
INSERT INTO `klasifikasi` VALUES (702, '443.35', 'Hygiene Sanitasi');
INSERT INTO `klasifikasi` VALUES (703, '443.4', 'Pemberantasan &Pencegahan Penyakit Menular sumber menular (P.2 B.)');
INSERT INTO `klasifikasi` VALUES (704, '443.41', 'Malaria');
INSERT INTO `klasifikasi` VALUES (705, '443.42', 'Dengue Haemoraahagic Fever (Demam Berdarah DHF)');
INSERT INTO `klasifikasi` VALUES (706, '443.43', 'Filaria');
INSERT INTO `klasifikasi` VALUES (707, '443.44', 'Serangga');
INSERT INTO `klasifikasi` VALUES (708, '443.5', 'Hygiene Sanitasi');
INSERT INTO `klasifikasi` VALUES (709, '443.51', 'Tempat-tempat Pembuatan dan Penjualan Makanan & Minuman. (TPP MM)');
INSERT INTO `klasifikasi` VALUES (710, '443.52', 'Sarana air Minum & Jamban Keluarga (Samijaga)');
INSERT INTO `klasifikasi` VALUES (711, '443.53', 'Pestisida');
INSERT INTO `klasifikasi` VALUES (712, '444', 'Gizi');
INSERT INTO `klasifikasi` VALUES (713, '444.1', 'Kekurangan makanan Bahaya kelaparan ,Busung lapar');
INSERT INTO `klasifikasi` VALUES (714, '444.2', 'Keracunan makanan');
INSERT INTO `klasifikasi` VALUES (715, '444.3', 'Menu makanan rakyat');
INSERT INTO `klasifikasi` VALUES (716, '444.4', 'Bahaya kelaparan');
INSERT INTO `klasifikasi` VALUES (717, '444.5', 'Badan Perbaikan Gizi Daerah (BPGD)');
INSERT INTO `klasifikasi` VALUES (718, '444.6', 'Sistem kewaspadaan Pangan dan Gizi');
INSERT INTO `klasifikasi` VALUES (719, '445', 'Rumah sakit Balai kesehatan,PUSKESMAS,PUSKESMAS keliling,Poliklinik.');
INSERT INTO `klasifikasi` VALUES (720, '445.1', 'Rumah Sakit Jiwa');
INSERT INTO `klasifikasi` VALUES (721, '445.2', 'Rumah Sakit Mata');
INSERT INTO `klasifikasi` VALUES (722, '445.3', 'Balai Kesehatan Ibu dan Anak');
INSERT INTO `klasifikasi` VALUES (723, '445.4', 'Rumah Bersalin');
INSERT INTO `klasifikasi` VALUES (724, '445.5', 'POSYANDU (Balita dan Lansia )');
INSERT INTO `klasifikasi` VALUES (725, '445.6', 'Rumah sakit/Balai Kesehatan lainnya');
INSERT INTO `klasifikasi` VALUES (726, '446', 'Tenaga medis');
INSERT INTO `klasifikasi` VALUES (727, '447', 'Alat Medis');
INSERT INTO `klasifikasi` VALUES (728, '448', 'Pengobatan tradisional');
INSERT INTO `klasifikasi` VALUES (729, '448.1', 'Pijat');
INSERT INTO `klasifikasi` VALUES (730, '448.2', 'Tusuk Jarum');
INSERT INTO `klasifikasi` VALUES (731, '448.3', 'Jamu Tradisional');
INSERT INTO `klasifikasi` VALUES (732, '448.4', 'Dukun');
INSERT INTO `klasifikasi` VALUES (733, '450', 'AGAMA');
INSERT INTO `klasifikasi` VALUES (734, '451', 'Islam');
INSERT INTO `klasifikasi` VALUES (735, '451.1', 'Peribadatan');
INSERT INTO `klasifikasi` VALUES (736, '451.11', 'Sholat');
INSERT INTO `klasifikasi` VALUES (737, '451.12', 'Zakat,Fitrah, termasuk BAZIS');
INSERT INTO `klasifikasi` VALUES (738, '451.13', 'Puasa Termasuk kegiatan bulan ramadhan');
INSERT INTO `klasifikasi` VALUES (739, '451.14', 'Haji.Jangan diklasifikasikan disini lihat:456');
INSERT INTO `klasifikasi` VALUES (740, '451.15', 'MTQ');
INSERT INTO `klasifikasi` VALUES (741, '451.2', 'Rumah Ibadat (Masjid,Mushola, Surau, Langgar )');
INSERT INTO `klasifikasi` VALUES (742, '451.3', 'Tokoh Agama (Kyai,Dai, Kaum Rois)');
INSERT INTO `klasifikasi` VALUES (743, '451.4', 'Pendidikan');
INSERT INTO `klasifikasi` VALUES (744, '451.41', 'Tinggi');
INSERT INTO `klasifikasi` VALUES (745, '451.42', 'Menengah');
INSERT INTO `klasifikasi` VALUES (746, '451.43', 'Dasar');
INSERT INTO `klasifikasi` VALUES (747, '451.44', 'Pondok Pesantren');
INSERT INTO `klasifikasi` VALUES (748, '451.45', 'Gedung sekolah');
INSERT INTO `klasifikasi` VALUES (749, '451.46', 'Tenaga Pengajar');
INSERT INTO `klasifikasi` VALUES (750, '451.47', 'Buku');
INSERT INTO `klasifikasi` VALUES (751, '451.48', 'Dakwah');
INSERT INTO `klasifikasi` VALUES (752, '451.49', 'Organisasi/lembaga pendidikan');
INSERT INTO `klasifikasi` VALUES (753, '451.50', 'Dasar termasuk SDIT');
INSERT INTO `klasifikasi` VALUES (754, '451.51', 'Play Group');
INSERT INTO `klasifikasi` VALUES (755, '451.5', 'Harta Agama, Wakaf, Baitamal dsb.');
INSERT INTO `klasifikasi` VALUES (756, '451.6', 'Peradilan');
INSERT INTO `klasifikasi` VALUES (757, '451.7', 'Organisasi Keagamaan bukan politik (Majelis Ulama (MUI))');
INSERT INTO `klasifikasi` VALUES (758, '451.8', 'Mazhab');
INSERT INTO `klasifikasi` VALUES (759, '452', 'Protestan');
INSERT INTO `klasifikasi` VALUES (760, '452.1', 'Peribadatan');
INSERT INTO `klasifikasi` VALUES (761, '452.2', 'Kebaktian Rumah Ibadat');
INSERT INTO `klasifikasi` VALUES (762, '452.3', 'Tokoh Agama (Rokhaniawan, Pendeta, Domine)');
INSERT INTO `klasifikasi` VALUES (763, '452.4', 'Mazhab');
INSERT INTO `klasifikasi` VALUES (764, '452.5', 'Organisasi gerejani');
INSERT INTO `klasifikasi` VALUES (765, '453', 'Katholik');
INSERT INTO `klasifikasi` VALUES (766, '453.1', 'Peribadatan');
INSERT INTO `klasifikasi` VALUES (767, '453.2', 'Rumah Ibadat');
INSERT INTO `klasifikasi` VALUES (768, '453.3', 'Misa');
INSERT INTO `klasifikasi` VALUES (769, '453.4', 'Tokoh Agama');
INSERT INTO `klasifikasi` VALUES (770, '453.5', 'Rokhaniawan, Pastur, frater');
INSERT INTO `klasifikasi` VALUES (771, '453.6', 'Mazhab');
INSERT INTO `klasifikasi` VALUES (772, '453.7', 'Organisasi gerejani');
INSERT INTO `klasifikasi` VALUES (773, '453.8', 'Kapel');
INSERT INTO `klasifikasi` VALUES (774, '453.9', 'Ortodok');
INSERT INTO `klasifikasi` VALUES (775, '453.10', 'Roma');
INSERT INTO `klasifikasi` VALUES (776, '454', 'Hindu');
INSERT INTO `klasifikasi` VALUES (777, '454.1', 'Peribadatan');
INSERT INTO `klasifikasi` VALUES (778, '454.2', 'Rumah Ibadat');
INSERT INTO `klasifikasi` VALUES (779, '454.3', 'Tokoh Agama Rokhaniawan');
INSERT INTO `klasifikasi` VALUES (780, '454.4', 'Mazhab');
INSERT INTO `klasifikasi` VALUES (781, '454.5', 'Organisasi Keagamaan');
INSERT INTO `klasifikasi` VALUES (782, '454.6', 'Pura');
INSERT INTO `klasifikasi` VALUES (783, '454.7', 'Bedanda');
INSERT INTO `klasifikasi` VALUES (784, '455', 'Budha');
INSERT INTO `klasifikasi` VALUES (785, '455.1', 'Peribadatan');
INSERT INTO `klasifikasi` VALUES (786, '455.2', 'Rumah Ibadat');
INSERT INTO `klasifikasi` VALUES (787, '455.3', 'Tokoh Agama, Rokhaniawan');
INSERT INTO `klasifikasi` VALUES (788, '455.4', 'Mazhab');
INSERT INTO `klasifikasi` VALUES (789, '455.5', 'Organisai Keagamaan');
INSERT INTO `klasifikasi` VALUES (790, '455.6', 'Vihara');
INSERT INTO `klasifikasi` VALUES (791, '455.7', 'WALUBI');
INSERT INTO `klasifikasi` VALUES (792, '456', 'Urusan Haji');
INSERT INTO `klasifikasi` VALUES (793, '456.1', 'ONH (Ongkos Naik Haji)');
INSERT INTO `klasifikasi` VALUES (794, '456.2', 'Manasik');
INSERT INTO `klasifikasi` VALUES (795, '460', 'SOSIAL');
INSERT INTO `klasifikasi` VALUES (796, '461', 'Rehabilitasi penderita cacad');
INSERT INTO `klasifikasi` VALUES (797, '461.1', 'Cacad mata');
INSERT INTO `klasifikasi` VALUES (798, '461.2', 'Cacad tubuh');
INSERT INTO `klasifikasi` VALUES (799, '461.3', 'Cacad mental');
INSERT INTO `klasifikasi` VALUES (800, '461.4', 'Bisu/tuli');
INSERT INTO `klasifikasi` VALUES (801, '462', 'Tuna sosial');
INSERT INTO `klasifikasi` VALUES (802, '462.1', 'Gelandangan');
INSERT INTO `klasifikasi` VALUES (803, '462.2', 'Pengemis');
INSERT INTO `klasifikasi` VALUES (804, '462.3', 'Tuna susila');
INSERT INTO `klasifikasi` VALUES (805, '462.4', 'Anak nakal (pengguna/pecandu Narkoba, Tunawisma)');
INSERT INTO `klasifikasi` VALUES (806, '463', 'Kesejahteraan anak/keluarga');
INSERT INTO `klasifikasi` VALUES (807, '463.1', 'Anak putus sekolah');
INSERT INTO `klasifikasi` VALUES (808, '463.2', 'Ibu teladan');
INSERT INTO `klasifikasi` VALUES (809, '463.3', 'DBKS');
INSERT INTO `klasifikasi` VALUES (810, '463.4', 'Gerakan Masyarakat dampak kenaikan harga BBM');
INSERT INTO `klasifikasi` VALUES (811, '463.5', 'TDL');
INSERT INTO `klasifikasi` VALUES (812, '463.6', 'Tarif telpon');
INSERT INTO `klasifikasi` VALUES (813, '463.7', 'Pengentasan kemiskinan');
INSERT INTO `klasifikasi` VALUES (814, '463.8', 'AKP (Analisa Kemiskinan Partisipatif)');
INSERT INTO `klasifikasi` VALUES (815, '464', 'Pembinaan Pahlawan');
INSERT INTO `klasifikasi` VALUES (816, '464.1', 'Pahlawan meliputi:penghargaan kepada pahlawan,tunjangan kepada pahlawan dan jandanya');
INSERT INTO `klasifikasi` VALUES (817, '464.2', 'Perintis Kemerdekaan meliputi: pembinaan, penghargaan dan tunjangan kepada perintis kemerdekaan dan jandanya');
INSERT INTO `klasifikasi` VALUES (818, '464.3', 'Cacad veteran');
INSERT INTO `klasifikasi` VALUES (819, '465', 'Kesejahteraan Sosial');
INSERT INTO `klasifikasi` VALUES (820, '465.1', 'Lanjut Usia');
INSERT INTO `klasifikasi` VALUES (821, '465.2', 'Korban kekacauan, pengungsi, repatriasi, KUBE, USEP');
INSERT INTO `klasifikasi` VALUES (822, '466', 'Sumbangan Sosial');
INSERT INTO `klasifikasi` VALUES (823, '466.1', 'Korban bencana');
INSERT INTO `klasifikasi` VALUES (824, '466.2', 'Pencarian dana untuk sumbangan meliputi:Penyelenggaraan undian, ketangkasan, bazar dan sebagainya');
INSERT INTO `klasifikasi` VALUES (825, '466.3', 'Panti asuhan');
INSERT INTO `klasifikasi` VALUES (826, '467', 'Bimbingan Sosial');
INSERT INTO `klasifikasi` VALUES (827, '467.1', 'Masyarakat suku terasing Meliputi: bimbingan pendidikan, kesehatan, pemukiman, operasi busana dan sebagainya');
INSERT INTO `klasifikasi` VALUES (828, '468', 'PMI');
INSERT INTO `klasifikasi` VALUES (829, '469', 'Makam');
INSERT INTO `klasifikasi` VALUES (830, '469.1', 'Umum');
INSERT INTO `klasifikasi` VALUES (831, '469.2', 'Pahlawan');
INSERT INTO `klasifikasi` VALUES (832, '469.3', 'Khusus keluarga,Raja');
INSERT INTO `klasifikasi` VALUES (833, '469.4', 'Krematolum');
INSERT INTO `klasifikasi` VALUES (834, '469.5', 'Organisasi/Perkumpulan : Yayasan bunga Selasih, PUKJ');
INSERT INTO `klasifikasi` VALUES (835, '470', 'KEPENDUDUKAN');
INSERT INTO `klasifikasi` VALUES (836, '471', 'Kewarganegaraan Indonesia');
INSERT INTO `klasifikasi` VALUES (837, '471.1', 'W.N.I asli');
INSERT INTO `klasifikasi` VALUES (838, '471.2', 'W.N.I Keturunan asing');
INSERT INTO `klasifikasi` VALUES (839, '471.21', 'Permohonan kewarganegaraan');
INSERT INTO `klasifikasi` VALUES (840, '471.22', 'Permohonan ganti nama');
INSERT INTO `klasifikasi` VALUES (841, '471.3', 'Asimilasi');
INSERT INTO `klasifikasi` VALUES (842, '472', 'Kewarganegaraan asing');
INSERT INTO `klasifikasi` VALUES (843, '473', 'Tidak berkewarganegaraan(state less)');
INSERT INTO `klasifikasi` VALUES (844, '474', 'Pendaftaran penduduk, termasuk Permohonan Akta');
INSERT INTO `klasifikasi` VALUES (845, '474.1', 'Kelahiran');
INSERT INTO `klasifikasi` VALUES (846, '474.11', 'Adopsi');
INSERT INTO `klasifikasi` VALUES (847, '474.2', 'Perkawinan/perceraian/rujuk');
INSERT INTO `klasifikasi` VALUES (848, '474.3', 'Kematian');
INSERT INTO `klasifikasi` VALUES (849, '474.4', 'Kartu penduduk');
INSERT INTO `klasifikasi` VALUES (850, '475', 'Perpindahan Penduduk');
INSERT INTO `klasifikasi` VALUES (851, '475.1', 'Transmigrasi');
INSERT INTO `klasifikasi` VALUES (852, '475.2', 'Urbanisasi');
INSERT INTO `klasifikasi` VALUES (853, '476', 'Keluarga Berancana');
INSERT INTO `klasifikasi` VALUES (854, '476.1', 'Alat kontrasepsi');
INSERT INTO `klasifikasi` VALUES (855, '476.2', 'KB Lestari');
INSERT INTO `klasifikasi` VALUES (856, '476.3', 'Penyuluhan lapangan KB(PLKB)');
INSERT INTO `klasifikasi` VALUES (857, '476.4', 'Pos KB Desa');
INSERT INTO `klasifikasi` VALUES (858, '476.5', 'Akseptor KB');
INSERT INTO `klasifikasi` VALUES (859, '476.6', 'Sub PPKBD');
INSERT INTO `klasifikasi` VALUES (860, '477', 'Cacatan Sipil');
INSERT INTO `klasifikasi` VALUES (861, '480', 'MEDIA MASA');
INSERT INTO `klasifikasi` VALUES (862, '481', 'Penerbitan');
INSERT INTO `klasifikasi` VALUES (863, '481.1', 'Surat kabar');
INSERT INTO `klasifikasi` VALUES (864, '481.2', 'Majalah');
INSERT INTO `klasifikasi` VALUES (865, '481.3', 'Buku');
INSERT INTO `klasifikasi` VALUES (866, '481.4', 'Penterjemahan');
INSERT INTO `klasifikasi` VALUES (867, '481.5', 'Tabloid');
INSERT INTO `klasifikasi` VALUES (868, '482', 'Radio');
INSERT INTO `klasifikasi` VALUES (869, '482.1', 'RRI');
INSERT INTO `klasifikasi` VALUES (870, '482.11', 'Siaran pedesaan,jangan klasifikasikan disini lihat:441.54');
INSERT INTO `klasifikasi` VALUES (871, '482.2', 'Non RRI');
INSERT INTO `klasifikasi` VALUES (872, '482.3', 'Luar Negeri');
INSERT INTO `klasifikasi` VALUES (873, '482.4', 'PRRSSNI');
INSERT INTO `klasifikasi` VALUES (874, '482.5', 'Radio swasta Niaga');
INSERT INTO `klasifikasi` VALUES (875, '483', 'Televisi');
INSERT INTO `klasifikasi` VALUES (876, '483.1', 'TPRI');
INSERT INTO `klasifikasi` VALUES (877, '483.2', 'TV Swasta');
INSERT INTO `klasifikasi` VALUES (878, '483.3', 'Acara Televisi');
INSERT INTO `klasifikasi` VALUES (879, '484', 'Film');
INSERT INTO `klasifikasi` VALUES (880, '484.1', 'Dokumenter');
INSERT INTO `klasifikasi` VALUES (881, '484.2', 'Perjuangan/EPOS');
INSERT INTO `klasifikasi` VALUES (882, '484.3', 'Anak');
INSERT INTO `klasifikasi` VALUES (883, '484.4', 'Remaja');
INSERT INTO `klasifikasi` VALUES (884, '484.5', 'Dewasa');
INSERT INTO `klasifikasi` VALUES (885, '485', 'Pers.');
INSERT INTO `klasifikasi` VALUES (886, '485.1', 'Kewartawanan/Reporter/presenter');
INSERT INTO `klasifikasi` VALUES (887, '485.11', 'Wawancara');
INSERT INTO `klasifikasi` VALUES (888, '486', 'Grafika');
INSERT INTO `klasifikasi` VALUES (889, '487', 'Penerangan');
INSERT INTO `klasifikasi` VALUES (890, '487.1', 'Pameran Non Komersil');
INSERT INTO `klasifikasi` VALUES (891, '488', 'Operation Room');
INSERT INTO `klasifikasi` VALUES (892, '489', 'Hubungan Masyarakat');
INSERT INTO `klasifikasi` VALUES (893, '489.1', 'Baliho');
INSERT INTO `klasifikasi` VALUES (894, '489.2', 'Bill Board');
INSERT INTO `klasifikasi` VALUES (895, '500', 'PEREKONOMIAN');
INSERT INTO `klasifikasi` VALUES (896, '500.1', 'Dewan Stabilisasi');
INSERT INTO `klasifikasi` VALUES (897, '501', 'Pengadaan Pangan');
INSERT INTO `klasifikasi` VALUES (898, '502', 'Pengadaan Sandang');
INSERT INTO `klasifikasi` VALUES (899, '503', 'Perizinan pada umumnya. Untuk perizinan sesuatu bidang, klasifikasikan pada masalahnya.');
INSERT INTO `klasifikasi` VALUES (900, '510', 'PERDAGANGAN Klasifikasikan disini: Tataniaga');
INSERT INTO `klasifikasi` VALUES (901, '510.1', 'Promosi perdagangan');
INSERT INTO `klasifikasi` VALUES (902, '510.11', 'Pekan Raya');
INSERT INTO `klasifikasi` VALUES (903, '510.12', 'Iklan');
INSERT INTO `klasifikasi` VALUES (904, '510.13', 'Pameran/ pameran Non komersial Lh.487.1');
INSERT INTO `klasifikasi` VALUES (905, '510.14', 'Tataniaga');
INSERT INTO `klasifikasi` VALUES (906, '510.15', 'EXPO');
INSERT INTO `klasifikasi` VALUES (907, '510.16', 'Promosi Inventaris');
INSERT INTO `klasifikasi` VALUES (908, '510.2', 'Pelelangan');
INSERT INTO `klasifikasi` VALUES (909, '510.3', 'Tera');
INSERT INTO `klasifikasi` VALUES (910, '511', 'Pemasaran');
INSERT INTO `klasifikasi` VALUES (911, '511.1', 'Sembilan bahan pokok.Tambahan kode wilayah Beras,garam,minyak tanah,minyak goreng,sabun, Cabe, Bawang Merah dan sebagainya');
INSERT INTO `klasifikasi` VALUES (912, '511.2', 'Pasar');
INSERT INTO `klasifikasi` VALUES (913, '511.3', 'Pertokoan,kaki lima,kios, super market/Swalayan, Mall');
INSERT INTO `klasifikasi` VALUES (914, '512', 'Ekspor');
INSERT INTO `klasifikasi` VALUES (915, '513', 'Impor');
INSERT INTO `klasifikasi` VALUES (916, '514', 'Perdagangan antar pulau, Dokumen Pembayaran (SKBDN/Surat Kredit Berdokumen Dalam Negri)');
INSERT INTO `klasifikasi` VALUES (917, '515', 'Perdagangan Luar Negeri, Dokumen Pembayaran (L/C/Letter OF Credit),Dokumen Pengangkutan (Bill of Lading)');
INSERT INTO `klasifikasi` VALUES (918, '516', 'Pergudangan Termasuk Tangki penyimpanan minyak goreng, Peti kemas/ Container');
INSERT INTO `klasifikasi` VALUES (919, '517', 'Aneka Usaha perdagangan');
INSERT INTO `klasifikasi` VALUES (920, '518', 'Koperasi( untuk BUUD,KUD lihat:412.31412.32)');
INSERT INTO `klasifikasi` VALUES (921, '520', 'PERHATIAN');
INSERT INTO `klasifikasi` VALUES (922, '521', 'Tanaman pangan');
INSERT INTO `klasifikasi` VALUES (923, '521.1', 'Program');
INSERT INTO `klasifikasi` VALUES (924, '521.11', 'Bimas/Inmas, termasuk Kredit UsahaTani (KUD), Penyuluhan');
INSERT INTO `klasifikasi` VALUES (925, '521.2', 'Produksi');
INSERT INTO `klasifikasi` VALUES (926, '521.21', 'Padi');
INSERT INTO `klasifikasi` VALUES (927, '521.22', 'Palawija, Sawah, Gogo, Huma');
INSERT INTO `klasifikasi` VALUES (928, '521.23', 'Horticultura.');
INSERT INTO `klasifikasi` VALUES (929, '521.24', 'Sawah');
INSERT INTO `klasifikasi` VALUES (930, '521.25', 'Gogo');
INSERT INTO `klasifikasi` VALUES (931, '521.26', 'Huma');
INSERT INTO `klasifikasi` VALUES (932, '521.231', 'Sayuran');
INSERT INTO `klasifikasi` VALUES (933, '521.232', 'Buah-buahan');
INSERT INTO `klasifikasi` VALUES (934, '521.233', 'Tanaman Hias');
INSERT INTO `klasifikasi` VALUES (935, '521.234', 'Perlebahan');
INSERT INTO `klasifikasi` VALUES (936, '521.24', 'Panen gagal(puso)');
INSERT INTO `klasifikasi` VALUES (937, '521.3', 'Sarana Usaha pertanian');
INSERT INTO `klasifikasi` VALUES (938, '521.31', 'Peralatan meliputi:Traktor dan sebagainya');
INSERT INTO `klasifikasi` VALUES (939, '521.32', 'Pembibitan');
INSERT INTO `klasifikasi` VALUES (940, '521.33', 'Pupuk');
INSERT INTO `klasifikasi` VALUES (941, '521.4', 'Perlindungan tanaman');
INSERT INTO `klasifikasi` VALUES (942, '521.41', 'Penyakit');
INSERT INTO `klasifikasi` VALUES (943, '521.411', 'Penyakit Daun');
INSERT INTO `klasifikasi` VALUES (944, '521.412', 'Penyakit Batang');
INSERT INTO `klasifikasi` VALUES (945, '521.413', 'Ham');
INSERT INTO `klasifikasi` VALUES (946, '521.42', 'Hama');
INSERT INTO `klasifikasi` VALUES (947, '521.421', 'WERENG');
INSERT INTO `klasifikasi` VALUES (948, '521.422', 'Walang Sangit');
INSERT INTO `klasifikasi` VALUES (949, '521.423', 'Tungro');
INSERT INTO `klasifikasi` VALUES (950, '521.424', 'Tikus');
INSERT INTO `klasifikasi` VALUES (951, '521.425', 'Pemberantasan');
INSERT INTO `klasifikasi` VALUES (952, '521.43', 'Pestisida');
INSERT INTO `klasifikasi` VALUES (953, '521.5', 'Tanah pertanian pangan');
INSERT INTO `klasifikasi` VALUES (954, '521.51', 'Persawahan');
INSERT INTO `klasifikasi` VALUES (955, '521.52', 'Perladangan');
INSERT INTO `klasifikasi` VALUES (956, '521.53', 'Kebun');
INSERT INTO `klasifikasi` VALUES (957, '521.54', 'Tanah kritis');
INSERT INTO `klasifikasi` VALUES (958, '521.6', 'Pengusaha,Petani');
INSERT INTO `klasifikasi` VALUES (959, '521.61', 'Bina Usaha');
INSERT INTO `klasifikasi` VALUES (960, '521.62', 'Pasca Panen');
INSERT INTO `klasifikasi` VALUES (961, '522', 'Kehutanan');
INSERT INTO `klasifikasi` VALUES (962, '522.1', 'Program');
INSERT INTO `klasifikasi` VALUES (963, '522.11', 'Hak pengusahaan hutan');
INSERT INTO `klasifikasi` VALUES (964, '522.12', 'Tata guna hutan');
INSERT INTO `klasifikasi` VALUES (965, '522.13', 'Perpetaan hutan');
INSERT INTO `klasifikasi` VALUES (966, '522.14', 'Tumpang sari');
INSERT INTO `klasifikasi` VALUES (967, '522.15', 'Jatinasasi');
INSERT INTO `klasifikasi` VALUES (968, '522.2', 'Produksi');
INSERT INTO `klasifikasi` VALUES (969, '522.21', 'Kayu');
INSERT INTO `klasifikasi` VALUES (970, '522.22', 'Non Kayu');
INSERT INTO `klasifikasi` VALUES (971, '522.3', 'Sarana Usaha kehutanan');
INSERT INTO `klasifikasi` VALUES (972, '522.4', 'Penghijauan, Reboisasi');
INSERT INTO `klasifikasi` VALUES (973, '522.5', 'Kelestarian');
INSERT INTO `klasifikasi` VALUES (974, '522.51', 'Cagar alam,marga satwa,suaka marga satwa.');
INSERT INTO `klasifikasi` VALUES (975, '522.52', 'Berburu.Meliputi larangan dan ijin berburu');
INSERT INTO `klasifikasi` VALUES (976, '522.53', 'Kebun Binatang');
INSERT INTO `klasifikasi` VALUES (977, '523', 'Perikanan');
INSERT INTO `klasifikasi` VALUES (978, '523.1', 'Program');
INSERT INTO `klasifikasi` VALUES (979, '523.11', 'Penyuluhan');
INSERT INTO `klasifikasi` VALUES (980, '523.12', 'Teknologi');
INSERT INTO `klasifikasi` VALUES (981, '523.2', 'Produksi');
INSERT INTO `klasifikasi` VALUES (982, '523.21', 'Pelelangan');
INSERT INTO `klasifikasi` VALUES (983, '523.3', 'Usaha perikanan');
INSERT INTO `klasifikasi` VALUES (984, '523.31', 'Pembibitan, peminjahan ikan, pembenihan ikan, budi daya ikan, Areal perikanan, Ikan Hias, Rumput laut, Imunisda');
INSERT INTO `klasifikasi` VALUES (985, '523.32', 'Daerah penangkapan');
INSERT INTO `klasifikasi` VALUES (986, '523.4', 'Sarana');
INSERT INTO `klasifikasi` VALUES (987, '523.41', 'Peralatan');
INSERT INTO `klasifikasi` VALUES (988, '523.411', 'Kapal');
INSERT INTO `klasifikasi` VALUES (989, '523.412', 'Jaring');
INSERT INTO `klasifikasi` VALUES (990, '523.413', 'Pelabuhan/Dermaga');
INSERT INTO `klasifikasi` VALUES (991, '523.414', 'Tempat pelelangan Ikan (TPI)');
INSERT INTO `klasifikasi` VALUES (992, '523.42', 'Pelabuhan');
INSERT INTO `klasifikasi` VALUES (993, '523.5', 'Pengusaha,nelayan');
INSERT INTO `klasifikasi` VALUES (994, '523.51', 'Kapal/ Motor Boat');
INSERT INTO `klasifikasi` VALUES (995, '523.52', 'Jaring');
INSERT INTO `klasifikasi` VALUES (996, '523.53', 'Cold Storage');
INSERT INTO `klasifikasi` VALUES (997, '523.54', 'Tempat es');
INSERT INTO `klasifikasi` VALUES (998, '523.6', 'Hama penyakit termasuk pemberantasanya');
INSERT INTO `klasifikasi` VALUES (999, '523.7', 'Data perikanan');
INSERT INTO `klasifikasi` VALUES (1000, '523.8', 'Nelayan');
INSERT INTO `klasifikasi` VALUES (1001, '523.81', 'Perkampungan Nelayan');
INSERT INTO `klasifikasi` VALUES (1002, '523.82', 'Pelanggaran Kapal');
INSERT INTO `klasifikasi` VALUES (1003, '523.9', 'Pelestarian ikan');
INSERT INTO `klasifikasi` VALUES (1004, '524', 'Peternakan');
INSERT INTO `klasifikasi` VALUES (1005, '524.1', 'Produksi');
INSERT INTO `klasifikasi` VALUES (1006, '524.11', 'Susu ternak rakyat');
INSERT INTO `klasifikasi` VALUES (1007, '524.12', 'Telor');
INSERT INTO `klasifikasi` VALUES (1008, '524.13', 'Daging');
INSERT INTO `klasifikasi` VALUES (1009, '524.14', 'Kulit');
INSERT INTO `klasifikasi` VALUES (1010, '524.2', 'Sarana usaha peternakan');
INSERT INTO `klasifikasi` VALUES (1011, '524.21', 'Pembibitan');
INSERT INTO `klasifikasi` VALUES (1012, '524.22', 'Lahan kebun bibit');
INSERT INTO `klasifikasi` VALUES (1013, '524.23', 'Kandang');
INSERT INTO `klasifikasi` VALUES (1014, '524.3', 'Kesehatan Hewan');
INSERT INTO `klasifikasi` VALUES (1015, '524.31', 'Penyakit Hewan');
INSERT INTO `klasifikasi` VALUES (1016, '524.32', 'Pos Kesehatan Hewan (POSKESWAN)');
INSERT INTO `klasifikasi` VALUES (1017, '524.33', 'Tesi Pullorum');
INSERT INTO `klasifikasi` VALUES (1018, '524.34', 'Karantina');
INSERT INTO `klasifikasi` VALUES (1019, '524.4', 'Perunggasan');
INSERT INTO `klasifikasi` VALUES (1020, '524.41', 'Ayam ras');
INSERT INTO `klasifikasi` VALUES (1021, '524.42', 'Ayam Buras');
INSERT INTO `klasifikasi` VALUES (1022, '524.5', 'Pengembangan Ternak');
INSERT INTO `klasifikasi` VALUES (1023, '524.51', 'Inseminasi Buatan');
INSERT INTO `klasifikasi` VALUES (1024, '524.52', 'Pembibitan/Bibit Unggul');
INSERT INTO `klasifikasi` VALUES (1025, '524.53', 'Penyebaran ternak');
INSERT INTO `klasifikasi` VALUES (1026, '524.6', 'Makanan Ternak');
INSERT INTO `klasifikasi` VALUES (1027, '524.7', 'Tempat Pemotongan Hewan, Rumah potong Ayam (RPA)');
INSERT INTO `klasifikasi` VALUES (1028, '524.8', 'Data Pertenakan');
INSERT INTO `klasifikasi` VALUES (1029, '525', 'Perkebunan');
INSERT INTO `klasifikasi` VALUES (1030, '525.1', 'Program');
INSERT INTO `klasifikasi` VALUES (1031, '525.2', 'Produksi');
INSERT INTO `klasifikasi` VALUES (1032, '525.21', 'Karet');
INSERT INTO `klasifikasi` VALUES (1033, '525.22', 'The');
INSERT INTO `klasifikasi` VALUES (1034, '525.23', 'Tembakau');
INSERT INTO `klasifikasi` VALUES (1035, '525.24', 'Tebu');
INSERT INTO `klasifikasi` VALUES (1036, '525.25', 'Cengkeh');
INSERT INTO `klasifikasi` VALUES (1037, '525.26', 'Kelapa/Kopra/Kelapa sawit');
INSERT INTO `klasifikasi` VALUES (1038, '525.27', 'Kopi');
INSERT INTO `klasifikasi` VALUES (1039, '525.29', 'Aneka tanaman');
INSERT INTO `klasifikasi` VALUES (1040, '525.30', 'Pembibitan');
INSERT INTO `klasifikasi` VALUES (1041, '525.31', 'Hama/ Penyakit (Gulma,Badra, Termasuk Pemberantasannya');
INSERT INTO `klasifikasi` VALUES (1042, '525.32', 'Pengolahan Tanah');
INSERT INTO `klasifikasi` VALUES (1043, '530', 'PERINDUSTRIAN');
INSERT INTO `klasifikasi` VALUES (1044, '530.08', 'Undang-undang gangguan');
INSERT INTO `klasifikasi` VALUES (1045, '531', 'Industi logam');
INSERT INTO `klasifikasi` VALUES (1046, '532', 'Industri mesin/elektronik');
INSERT INTO `klasifikasi` VALUES (1047, '533', 'Industri kimia/farmasi');
INSERT INTO `klasifikasi` VALUES (1048, '534', 'Industri tekstil');
INSERT INTO `klasifikasi` VALUES (1049, '535', 'Industri makanan/minuman');
INSERT INTO `klasifikasi` VALUES (1050, '536', 'Aneka industri/perusahaan');
INSERT INTO `klasifikasi` VALUES (1051, '536.1', 'Home Industri');
INSERT INTO `klasifikasi` VALUES (1052, '537', 'Aneka kerajinan');
INSERT INTO `klasifikasi` VALUES (1053, '537.1', 'Kerajinan Rakyat');
INSERT INTO `klasifikasi` VALUES (1054, '537.2', 'Handy Craft');
INSERT INTO `klasifikasi` VALUES (1055, '538', 'Usaha Negara/ BUMN');
INSERT INTO `klasifikasi` VALUES (1056, '538.1', 'Perjan');
INSERT INTO `klasifikasi` VALUES (1057, '538.2', 'Perum');
INSERT INTO `klasifikasi` VALUES (1058, '538.3', 'Persero');
INSERT INTO `klasifikasi` VALUES (1059, '538.4', 'PT');
INSERT INTO `klasifikasi` VALUES (1060, '539', 'Perusahaan Daerah');
INSERT INTO `klasifikasi` VALUES (1061, '540', 'PERTAMBANGAN/KESAMUDRAAN');
INSERT INTO `klasifikasi` VALUES (1062, '541', 'Minyak bumi/bensin (Bahan Galian)');
INSERT INTO `klasifikasi` VALUES (1063, '541.1', 'Pengusahaan');
INSERT INTO `klasifikasi` VALUES (1064, '541.11', 'Eksploitasi');
INSERT INTO `klasifikasi` VALUES (1065, '541.12', 'Kontrak kerja');
INSERT INTO `klasifikasi` VALUES (1066, '541.13', 'Eksplorasi');
INSERT INTO `klasifikasi` VALUES (1067, '541.14', 'Pemurnian');
INSERT INTO `klasifikasi` VALUES (1068, '541.2', 'Pengolahan');
INSERT INTO `klasifikasi` VALUES (1069, '541.3', 'Penyaluran');
INSERT INTO `klasifikasi` VALUES (1070, '541.31', 'Tangki,pompa,tanker');
INSERT INTO `klasifikasi` VALUES (1071, '541.4', 'Bahan Galian Strategis');
INSERT INTO `klasifikasi` VALUES (1072, '541.41', 'Bitumen cair ,lilin bumi, gas alam');
INSERT INTO `klasifikasi` VALUES (1073, '541.42', 'Aspal');
INSERT INTO `klasifikasi` VALUES (1074, '541.43', 'Bitumen padat');
INSERT INTO `klasifikasi` VALUES (1075, '541.44', 'Batu bara');
INSERT INTO `klasifikasi` VALUES (1076, '541.45', 'Uranium, Radium, Thorium, Nikel, Kobalt');
INSERT INTO `klasifikasi` VALUES (1077, '541.5', 'Bahan Galian Vital');
INSERT INTO `klasifikasi` VALUES (1078, '541.51', 'Besi');
INSERT INTO `klasifikasi` VALUES (1079, '541.52', 'mangaan');
INSERT INTO `klasifikasi` VALUES (1080, '541.53', 'Molibden');
INSERT INTO `klasifikasi` VALUES (1081, '541.54', 'khrom');
INSERT INTO `klasifikasi` VALUES (1082, '541.55', 'wolfram');
INSERT INTO `klasifikasi` VALUES (1083, '541.56', 'vanadium');
INSERT INTO `klasifikasi` VALUES (1084, '541.57', 'titan,seng, Timah, tembaga,Emas, platina');
INSERT INTO `klasifikasi` VALUES (1085, '541.58', 'Perak, air raksa, intan, Arsin, antimony');
INSERT INTO `klasifikasi` VALUES (1086, '541.59', 'Yodium, belerang, korundum, klor, kriolot');
INSERT INTO `klasifikasi` VALUES (1087, '541.6', 'Bahan Galian yang tidak termasuk galian Strategis atau Vital');
INSERT INTO `klasifikasi` VALUES (1088, '541.61', 'Nitrat-nitrat,posphate-posphat, garam batu');
INSERT INTO `klasifikasi` VALUES (1089, '541.62', 'Asbes, talk, mika, grafit, magndesit');
INSERT INTO `klasifikasi` VALUES (1090, '541.63', 'Yarosit, kusit, towas (alum), oker');
INSERT INTO `klasifikasi` VALUES (1091, '541.64', 'Batu permata, batu setengah permata, pasir kwarsa, kaolin, felosfor, gips, bentanit');
INSERT INTO `klasifikasi` VALUES (1092, '541.65', 'Batu apung, tras, opsidian, perlit, tanah diatom, tanah serap');
INSERT INTO `klasifikasi` VALUES (1093, '541.66', 'Marmer, batu tulis, batu kapur, dolomite, kalsit');
INSERT INTO `klasifikasi` VALUES (1094, '541.67', 'Ganit, andesit, basal, tarakhit, tanah liat, pasir');
INSERT INTO `klasifikasi` VALUES (1095, '542', 'Gas bumi');
INSERT INTO `klasifikasi` VALUES (1096, '543', 'Logam mulya');
INSERT INTO `klasifikasi` VALUES (1097, '543.1', 'Intan,emas,perak');
INSERT INTO `klasifikasi` VALUES (1098, '544', 'Logam');
INSERT INTO `klasifikasi` VALUES (1099, '544.1', 'Timah');
INSERT INTO `klasifikasi` VALUES (1100, '544.2', 'Aluminium,boxit');
INSERT INTO `klasifikasi` VALUES (1101, '544.3', 'Besi.Termasuk besi tua');
INSERT INTO `klasifikasi` VALUES (1102, '544.4', 'Tembaga');
INSERT INTO `klasifikasi` VALUES (1103, '545', 'Aneka tambang/bahan galian');
INSERT INTO `klasifikasi` VALUES (1104, '546', 'Geologi');
INSERT INTO `klasifikasi` VALUES (1105, '546.1', 'Vulkanologi');
INSERT INTO `klasifikasi` VALUES (1106, '546.11', 'Pengawasan gunung berapi');
INSERT INTO `klasifikasi` VALUES (1107, '546.2', 'Sumur artetis');
INSERT INTO `klasifikasi` VALUES (1108, '547', 'Hidrologi');
INSERT INTO `klasifikasi` VALUES (1109, '548', 'Kesamudraan');
INSERT INTO `klasifikasi` VALUES (1110, '450', 'PERHUDUNGAN');
INSERT INTO `klasifikasi` VALUES (1111, '551', 'Perhubungan darat');
INSERT INTO `klasifikasi` VALUES (1112, '551.1', 'Lalu lintas jalan raya,sungai,danau');
INSERT INTO `klasifikasi` VALUES (1113, '551.11', 'Keamanan lalu lintas rambu-rambu');
INSERT INTO `klasifikasi` VALUES (1114, '551.2', 'Angkutan jalan raya');
INSERT INTO `klasifikasi` VALUES (1115, '551.21', 'Perizinan');
INSERT INTO `klasifikasi` VALUES (1116, '551.22', 'Terminal');
INSERT INTO `klasifikasi` VALUES (1117, '551.23', 'Alat angkutan');
INSERT INTO `klasifikasi` VALUES (1118, '551.24', 'Alat uji');
INSERT INTO `klasifikasi` VALUES (1119, '551.3', 'Angkutan sungai');
INSERT INTO `klasifikasi` VALUES (1120, '551.31', 'Perizinan');
INSERT INTO `klasifikasi` VALUES (1121, '551.32', 'Terminal');
INSERT INTO `klasifikasi` VALUES (1122, '551.33', 'Pelabuhan');
INSERT INTO `klasifikasi` VALUES (1123, '551.4', 'Angkutan danau');
INSERT INTO `klasifikasi` VALUES (1124, '551.41', 'Perizinan');
INSERT INTO `klasifikasi` VALUES (1125, '551.42', 'Terminal');
INSERT INTO `klasifikasi` VALUES (1126, '551.43', 'Pelabuhan');
INSERT INTO `klasifikasi` VALUES (1127, '551.5', 'Feri');
INSERT INTO `klasifikasi` VALUES (1128, '551.51', 'Perizinan');
INSERT INTO `klasifikasi` VALUES (1129, '551.52', 'Terminal');
INSERT INTO `klasifikasi` VALUES (1130, '551.53', 'Pelabuhan');
INSERT INTO `klasifikasi` VALUES (1131, '551.6', 'Perkereta-apian');
INSERT INTO `klasifikasi` VALUES (1132, '551.61', 'Pintu lintasan');
INSERT INTO `klasifikasi` VALUES (1133, '551.62', 'Signal');
INSERT INTO `klasifikasi` VALUES (1134, '551.63', 'Stasiun');
INSERT INTO `klasifikasi` VALUES (1135, '552', 'Perhubungan laut');
INSERT INTO `klasifikasi` VALUES (1136, '552.1', 'Lalu lintas angkutan laut');
INSERT INTO `klasifikasi` VALUES (1137, '522.11', 'Keamanan lalu lintas,rambu-rambu');
INSERT INTO `klasifikasi` VALUES (1138, '552.12', 'Pelayaran dalam Negeri');
INSERT INTO `klasifikasi` VALUES (1139, '552.121', 'Mercusuar');
INSERT INTO `klasifikasi` VALUES (1140, '552.13', 'Pelayaran luar negeri');
INSERT INTO `klasifikasi` VALUES (1141, '552.2', 'Perkapalan.Alat angkutan');
INSERT INTO `klasifikasi` VALUES (1142, '552.3', 'Pelabuhan/dermaga');
INSERT INTO `klasifikasi` VALUES (1143, '552.4', 'Pengerukan');
INSERT INTO `klasifikasi` VALUES (1144, '552.5', 'Penjagaan pantai');
INSERT INTO `klasifikasi` VALUES (1145, '553', 'Perhubungan Udara');
INSERT INTO `klasifikasi` VALUES (1146, '553.1', 'Lalulintas Udara');
INSERT INTO `klasifikasi` VALUES (1147, '553.2', 'Pelabuhan Udara/Bandara/Air port');
INSERT INTO `klasifikasi` VALUES (1148, '553.3', 'Alat angkutan');
INSERT INTO `klasifikasi` VALUES (1149, '554', 'Pos');
INSERT INTO `klasifikasi` VALUES (1150, '555', 'Telekomunikasi');
INSERT INTO `klasifikasi` VALUES (1151, '555.1', 'Telepon, wartel');
INSERT INTO `klasifikasi` VALUES (1152, '555.2', 'Telegrap');
INSERT INTO `klasifikasi` VALUES (1153, '555.3', 'Telex/SSB');
INSERT INTO `klasifikasi` VALUES (1154, '555.4', 'Satelit');
INSERT INTO `klasifikasi` VALUES (1155, '555.5', 'Stasiun bumi');
INSERT INTO `klasifikasi` VALUES (1156, '555.6', 'Internet/Warnet');
INSERT INTO `klasifikasi` VALUES (1157, '555.7', 'Faximale');
INSERT INTO `klasifikasi` VALUES (1158, '555.8', 'Satelit, Stasiun bumi');
INSERT INTO `klasifikasi` VALUES (1159, '556', 'Pariwisata dan rekreasi');
INSERT INTO `klasifikasi` VALUES (1160, '556.1', 'Obyek kepariwisataan');
INSERT INTO `klasifikasi` VALUES (1161, '556.11', 'Taman Mini Indonesia Indah');
INSERT INTO `klasifikasi` VALUES (1162, '556.2', 'Perhotelan');
INSERT INTO `klasifikasi` VALUES (1163, '556.3', 'Travel service');
INSERT INTO `klasifikasi` VALUES (1164, '556.4', 'Tempat rekreasi');
INSERT INTO `klasifikasi` VALUES (1165, '556.5', 'Promosi Kepariwisataan');
INSERT INTO `klasifikasi` VALUES (1166, '556.51', 'Mandala wisata');
INSERT INTO `klasifikasi` VALUES (1167, '556.52', 'Tourism Information Centre');
INSERT INTO `klasifikasi` VALUES (1168, '556.6', 'Perjalanan wisata');
INSERT INTO `klasifikasi` VALUES (1169, '556.61', 'Tour and Travel Agent');
INSERT INTO `klasifikasi` VALUES (1170, '556.62', 'Biro Perjalanan');
INSERT INTO `klasifikasi` VALUES (1171, '556.7', 'Pramuwisata');
INSERT INTO `klasifikasi` VALUES (1172, '556.71', 'Pramuwisata Madya');
INSERT INTO `klasifikasi` VALUES (1173, '556.72', 'Pramuwisata Muda');
INSERT INTO `klasifikasi` VALUES (1174, '556.73', 'Pramuwisata Khusus');
INSERT INTO `klasifikasi` VALUES (1175, '556.8', 'Fasilitas Wisatawan (Hotel/Montel Pondok Wisatawan Penginapan/Losmen Asosiasi Profesi Kepariwisataan (PHRI, PUTRI, ASITA, HPI, HPP))');
INSERT INTO `klasifikasi` VALUES (1176, '557', 'Meteorologi');
INSERT INTO `klasifikasi` VALUES (1177, '557.1', 'Curah Hujan');
INSERT INTO `klasifikasi` VALUES (1178, '557.2', 'Hujan Batuan');
INSERT INTO `klasifikasi` VALUES (1179, '557.3', 'Peneropongan Bintang');
INSERT INTO `klasifikasi` VALUES (1180, '560', 'TENAGA KERJA');
INSERT INTO `klasifikasi` VALUES (1181, '560.1', 'Pengangguran');
INSERT INTO `klasifikasi` VALUES (1182, '561', 'Upah');
INSERT INTO `klasifikasi` VALUES (1183, '562', 'Penempatan tenaga kerja');
INSERT INTO `klasifikasi` VALUES (1184, '563', 'Latihan Kerja');
INSERT INTO `klasifikasi` VALUES (1185, '564', 'Tenaga sukarela');
INSERT INTO `klasifikasi` VALUES (1186, '564.1', 'Butsi');
INSERT INTO `klasifikasi` VALUES (1187, '564.2', 'Padat karya');
INSERT INTO `klasifikasi` VALUES (1188, '565', 'Perselisihan perburuhan');
INSERT INTO `klasifikasi` VALUES (1189, '566', 'Keselamatan kerja');
INSERT INTO `klasifikasi` VALUES (1190, '566.1', 'ASTEK');
INSERT INTO `klasifikasi` VALUES (1191, '566.2', 'JAMSOSTEK');
INSERT INTO `klasifikasi` VALUES (1192, '567', 'Pemutusan hubungan kerja');
INSERT INTO `klasifikasi` VALUES (1193, '568', 'Kesejahteraan buruh Klasifikasi Kode Surat Dinas');
INSERT INTO `klasifikasi` VALUES (1194, '569', 'Tenaga kerja orang asing');
INSERT INTO `klasifikasi` VALUES (1195, '570', 'PERMODALAN');
INSERT INTO `klasifikasi` VALUES (1196, '571', 'Modal domestik');
INSERT INTO `klasifikasi` VALUES (1197, '572', 'Modal asing');
INSERT INTO `klasifikasi` VALUES (1198, '573', 'Modal patungan (joint venture)/ penyertaan modal');
INSERT INTO `klasifikasi` VALUES (1199, '574', 'Pasar uang dan modal, Bursa efek');
INSERT INTO `klasifikasi` VALUES (1200, '575', 'Saham');
INSERT INTO `klasifikasi` VALUES (1201, '580', 'PERBANKAN/ MONETER');
INSERT INTO `klasifikasi` VALUES (1202, '581', 'Kredit');
INSERT INTO `klasifikasi` VALUES (1203, '582', 'Inventasi/IIRIF');
INSERT INTO `klasifikasi` VALUES (1204, '583', 'Deposito, Tabungan');
INSERT INTO `klasifikasi` VALUES (1205, '584', 'Bank Pembangunan Daerah');
INSERT INTO `klasifikasi` VALUES (1206, '584.1', 'Lembaga Perbankan');
INSERT INTO `klasifikasi` VALUES (1207, '584.11', 'Bank Sentral');
INSERT INTO `klasifikasi` VALUES (1208, '584.111', 'Bank Indonesia');
INSERT INTO `klasifikasi` VALUES (1209, '584.12', 'Bank Umum');
INSERT INTO `klasifikasi` VALUES (1210, '584.121', 'Bank Pemerintah');
INSERT INTO `klasifikasi` VALUES (1211, '584.122', 'Bank Swasta');
INSERT INTO `klasifikasi` VALUES (1212, '584.123', 'Bank Perkreditan Rakyat (BPR)');
INSERT INTO `klasifikasi` VALUES (1213, '584.13', 'Bank Syariah');
INSERT INTO `klasifikasi` VALUES (1214, '584.131', 'BMT ( Baitul Mal wal Tamwil)');
INSERT INTO `klasifikasi` VALUES (1215, '585', 'Asuransi (Dana kecelakaan lalu lintas (Uang Pertanggung Jawaban))');
INSERT INTO `klasifikasi` VALUES (1216, '586', 'Alat pembayaran. Chek, giro, wesel,trasfer');
INSERT INTO `klasifikasi` VALUES (1217, '587', 'Fiscal');
INSERT INTO `klasifikasi` VALUES (1218, '588', 'Hutang negara, obligasi');
INSERT INTO `klasifikasi` VALUES (1219, '589', 'Moneter/Transaksi/ Moneter lainya');
INSERT INTO `klasifikasi` VALUES (1220, '590', 'AGRARIA');
INSERT INTO `klasifikasi` VALUES (1221, '591', 'Tata guna tanah');
INSERT INTO `klasifikasi` VALUES (1222, '591.1', 'Pemetaan dan pengukuran');
INSERT INTO `klasifikasi` VALUES (1223, '591.2', 'Perpetaan');
INSERT INTO `klasifikasi` VALUES (1224, '591.3', 'Penyediaan data, peta dan publikasi');
INSERT INTO `klasifikasi` VALUES (1225, '591.4', 'Fatwa tataguna tanah');
INSERT INTO `klasifikasi` VALUES (1226, '591.5', 'Tanah kritis');
INSERT INTO `klasifikasi` VALUES (1227, '592', 'Landreform');
INSERT INTO `klasifikasi` VALUES (1228, '592.1', 'Redistribusi');
INSERT INTO `klasifikasi` VALUES (1229, '592.11', 'Pendaftaran pemilikan dan pengurusan tanah pertanian');
INSERT INTO `klasifikasi` VALUES (1230, '592.12', 'Penentuan tanah obyek landreform');
INSERT INTO `klasifikasi` VALUES (1231, '592.13', 'Pembagian tanah obyek landreform');
INSERT INTO `klasifikasi` VALUES (1232, '592.14', 'Sengketa redistribusi tanah obyek landreform');
INSERT INTO `klasifikasi` VALUES (1233, '592.2', 'Ganti rugi');
INSERT INTO `klasifikasi` VALUES (1234, '592.21', 'Ganti rugi tanah kelebihan');
INSERT INTO `klasifikasi` VALUES (1235, '592.211', 'Sengketa ganti rugi tanah kelebihan');
INSERT INTO `klasifikasi` VALUES (1236, '592.22', 'Ganti rugi tanah absentee');
INSERT INTO `klasifikasi` VALUES (1237, '592.221', 'Sengketa ganti rugi tanah absentee');
INSERT INTO `klasifikasi` VALUES (1238, '592.23', 'Ganti rugi tanah pertikelir');
INSERT INTO `klasifikasi` VALUES (1239, '592.231', 'Sengketa ganti rugi tanah pertikelir');
INSERT INTO `klasifikasi` VALUES (1240, '592.3', 'Bagi hasil');
INSERT INTO `klasifikasi` VALUES (1241, '592.31', 'Penetapan imbangan bagi hasil');
INSERT INTO `klasifikasi` VALUES (1242, '592.32', 'Pelaksanaan perjanjian bagi hasil');
INSERT INTO `klasifikasi` VALUES (1243, '592.33', 'Sengketa perjanjian bagi hasil');
INSERT INTO `klasifikasi` VALUES (1244, '592.4', 'Gadai tanah');
INSERT INTO `klasifikasi` VALUES (1245, '592.41', 'Pendaftaran pelaksanaan gadai tanah');
INSERT INTO `klasifikasi` VALUES (1246, '592.42', 'Pelaksanaan gadai tanah');
INSERT INTO `klasifikasi` VALUES (1247, '592.43', 'Sengketa gadai tanah');
INSERT INTO `klasifikasi` VALUES (1248, '592.5', 'Bimbingan dan penyuluhan');
INSERT INTO `klasifikasi` VALUES (1249, '592.6', 'Pengembangan');
INSERT INTO `klasifikasi` VALUES (1250, '592.7', 'Yayasan dan landreform ( Y.D.L )');
INSERT INTO `klasifikasi` VALUES (1251, '593', 'Pengurusan hak-hak tanah');
INSERT INTO `klasifikasi` VALUES (1252, '593.01', 'Penyusunan program dan bimbingan tehnis');
INSERT INTO `klasifikasi` VALUES (1253, '593.1', 'Sewa tanah');
INSERT INTO `klasifikasi` VALUES (1254, '593.11', 'Sewa tanah untuk tanaman tertentu: tebu ,tembakau, rosela, corhourus');
INSERT INTO `klasifikasi` VALUES (1255, '593.2', 'Hak milik');
INSERT INTO `klasifikasi` VALUES (1256, '593.21', 'Perorangan');
INSERT INTO `klasifikasi` VALUES (1257, '593.22', 'Badan Hukum');
INSERT INTO `klasifikasi` VALUES (1258, '593.3', 'Hak pakai');
INSERT INTO `klasifikasi` VALUES (1259, '593.31', 'Perorangan');
INSERT INTO `klasifikasi` VALUES (1260, '593.311', 'Warga negara Indonesia');
INSERT INTO `klasifikasi` VALUES (1261, '593.312', 'Warga negara asing');
INSERT INTO `klasifikasi` VALUES (1262, '593.32', 'Badan Hukum');
INSERT INTO `klasifikasi` VALUES (1263, '593.321', 'Badan hukum Indinesia');
INSERT INTO `klasifikasi` VALUES (1264, '593.322', 'Badan hukum asing. Keduta, Konsulat Kantor dagang asing');
INSERT INTO `klasifikasi` VALUES (1265, '593.33', 'Tanah gedung-gedung negeri');
INSERT INTO `klasifikasi` VALUES (1266, '593.4', 'Guna Usaha');
INSERT INTO `klasifikasi` VALUES (1267, '593.41', 'Perkebunan besar');
INSERT INTO `klasifikasi` VALUES (1268, '593.42', 'Perkebuna rakyat');
INSERT INTO `klasifikasi` VALUES (1269, '593.43', 'perternakan');
INSERT INTO `klasifikasi` VALUES (1270, '593.44', 'Perikanan');
INSERT INTO `klasifikasi` VALUES (1271, '593.45', 'Kehutanan');
INSERT INTO `klasifikasi` VALUES (1272, '593.5', 'Hak guna bangunan');
INSERT INTO `klasifikasi` VALUES (1273, '593.51', 'Perorangan');
INSERT INTO `klasifikasi` VALUES (1274, '593.52', 'Badan hukum');
INSERT INTO `klasifikasi` VALUES (1275, '593.53', 'P3MB ( Panitia pelaksanaan penguasaan milik Belanda)');
INSERT INTO `klasifikasi` VALUES (1276, '593.54', 'Badan hukum asing Belanda- PRK No. 5/65');
INSERT INTO `klasifikasi` VALUES (1277, '593.55', 'Pemulihan hak ( PenPres 4/1060)');
INSERT INTO `klasifikasi` VALUES (1278, '593.6', 'Hak pengelolaan');
INSERT INTO `klasifikasi` VALUES (1279, '593.61', 'PN. Perumnas. Bonded ware house. Industrial estate. Real estate');
INSERT INTO `klasifikasi` VALUES (1280, '593.62', 'Perusahaan Daerah pembangunan perumahan');
INSERT INTO `klasifikasi` VALUES (1281, '593.63', 'HPH (Hak Pengolaha Hutan)');
INSERT INTO `klasifikasi` VALUES (1282, '593.64', 'HPHH (Hak Pengolan Hasil Hutan)');
INSERT INTO `klasifikasi` VALUES (1283, '593.7', 'Sengketa tanah');
INSERT INTO `klasifikasi` VALUES (1284, '593.71', 'Peradilan perkara tanah (lihat juga 183)');
INSERT INTO `klasifikasi` VALUES (1285, '593.8', 'Pencabutan dan pembebasan tanah');
INSERT INTO `klasifikasi` VALUES (1286, '593.81', 'Pencabutan hak');
INSERT INTO `klasifikasi` VALUES (1287, '593.82', 'Pembebasan tanah');
INSERT INTO `klasifikasi` VALUES (1288, '593.83', 'Ganti rugi tanah');
INSERT INTO `klasifikasi` VALUES (1289, '594', 'Pendaftaran tanah');
INSERT INTO `klasifikasi` VALUES (1290, '594.1', 'Pengukuran/pemetaan');
INSERT INTO `klasifikasi` VALUES (1291, '594.11', 'Fotogrametri');
INSERT INTO `klasifikasi` VALUES (1292, '594.12', 'Terristris');
INSERT INTO `klasifikasi` VALUES (1293, '594.13', 'Triangulasi');
INSERT INTO `klasifikasi` VALUES (1294, '594.14', 'Peralatan');
INSERT INTO `klasifikasi` VALUES (1295, '594.2', 'Dana pengukuran ( Permen agraria No. 6/1965)');
INSERT INTO `klasifikasi` VALUES (1296, '594.3', 'Sertifikat');
INSERT INTO `klasifikasi` VALUES (1297, '594.4', 'Pejabat pembuat akte tanah (PPAT)/ Pejabat Pembuat Akta Tanah Sementara (PPATS)');
INSERT INTO `klasifikasi` VALUES (1298, '595', 'Transmigrasi');
INSERT INTO `klasifikasi` VALUES (1299, '595.1', 'Tata guna tanah');
INSERT INTO `klasifikasi` VALUES (1300, '595.2', 'Landreform');
INSERT INTO `klasifikasi` VALUES (1301, '595.3', 'Pengurusan hak-hak tanah');
INSERT INTO `klasifikasi` VALUES (1302, '595.4', 'Pendaftaran tanah');
INSERT INTO `klasifikasi` VALUES (1303, '600', 'PEKERJAAN UMUM DAN KETENAGAAN');
INSERT INTO `klasifikasi` VALUES (1304, '601', 'tata banguna, kontruksi, industri kontruksi');
INSERT INTO `klasifikasi` VALUES (1305, '602', 'Kontraktor pembohong');
INSERT INTO `klasifikasi` VALUES (1306, '602.1', 'Tender');
INSERT INTO `klasifikasi` VALUES (1307, '603', 'arsitektur');
INSERT INTO `klasifikasi` VALUES (1308, '604', 'Bahan bangunan');
INSERT INTO `klasifikasi` VALUES (1309, '604.1', 'Tanah dan batu seperti: Batu belah, Steen slaag, split dan sebagainya,pasir, koral, lempung,kapur, marmer');
INSERT INTO `klasifikasi` VALUES (1310, '604.2', 'Aspal,Aspal buatan,aspal alam (butas)');
INSERT INTO `klasifikasi` VALUES (1311, '604.3', 'Besi dan logam lainnya');
INSERT INTO `klasifikasi` VALUES (1312, '604.31', 'Besi beton');
INSERT INTO `klasifikasi` VALUES (1313, '604.32', 'Besi profil (Konstruksi)');
INSERT INTO `klasifikasi` VALUES (1314, '604.33', 'Paku');
INSERT INTO `klasifikasi` VALUES (1315, '604.34', 'alumunium profil');
INSERT INTO `klasifikasi` VALUES (1316, '604.4', 'Bahan-bahan pelindung dan pengawet(Cat,tech oil,pengawet kayu)');
INSERT INTO `klasifikasi` VALUES (1317, '604.5', 'Semen');
INSERT INTO `klasifikasi` VALUES (1318, '604.6', 'Kayu Sepert: balok, papan, dolken, plywood, gabus dsb.');
INSERT INTO `klasifikasi` VALUES (1319, '604.7', 'Bahan Penutup Atap ( Genteng, asbes gelombang)');
INSERT INTO `klasifikasi` VALUES (1320, '604.8', 'Alat-alat penggantung dan pengunci');
INSERT INTO `klasifikasi` VALUES (1321, '604.9', 'Bahan-bahan bangunan lainya');
INSERT INTO `klasifikasi` VALUES (1322, '605', 'Instalansi');
INSERT INTO `klasifikasi` VALUES (1323, '605.1', 'Instalansi Bangunan');
INSERT INTO `klasifikasi` VALUES (1324, '605.2', 'Instalansi Listrik');
INSERT INTO `klasifikasi` VALUES (1325, '605.3', 'Instalansi air/sanitasi');
INSERT INTO `klasifikasi` VALUES (1326, '605.4', 'Instalansi pengaturan udara');
INSERT INTO `klasifikasi` VALUES (1327, '605.5', 'Instalansi akustik');
INSERT INTO `klasifikasi` VALUES (1328, '605.6', 'Instalansi cahaya/penerangan');
INSERT INTO `klasifikasi` VALUES (1329, '606', 'Konstruksi pencegahan');
INSERT INTO `klasifikasi` VALUES (1330, '606.1', 'konstruksi pencegahan terhadap kebakaran');
INSERT INTO `klasifikasi` VALUES (1331, '606.2', 'Terhadap Gempa');
INSERT INTO `klasifikasi` VALUES (1332, '606.3', 'Terhadap Angin/udara/panas');
INSERT INTO `klasifikasi` VALUES (1333, '606.4', 'Terhadap Kegaduhan');
INSERT INTO `klasifikasi` VALUES (1334, '606.5', 'Terhadap gas/explosive');
INSERT INTO `klasifikasi` VALUES (1335, '606.6', 'Terhadap serangga');
INSERT INTO `klasifikasi` VALUES (1336, '606.7', 'Terhadap Radiasi atom');
INSERT INTO `klasifikasi` VALUES (1337, '610', 'PENGAIRAN');
INSERT INTO `klasifikasi` VALUES (1338, '611', 'Irigasi');
INSERT INTO `klasifikasi` VALUES (1339, '611.1', 'Bangunan Waduk');
INSERT INTO `klasifikasi` VALUES (1340, '611.11', 'Bendungan');
INSERT INTO `klasifikasi` VALUES (1341, '611.12', 'Tanggul');
INSERT INTO `klasifikasi` VALUES (1342, '611.13', 'Pelimpah banjir');
INSERT INTO `klasifikasi` VALUES (1343, '611.14', 'Menara pengambilan');
INSERT INTO `klasifikasi` VALUES (1344, '611.2', 'Bangunan Pengambilan');
INSERT INTO `klasifikasi` VALUES (1345, '611.21', 'Bendungan');
INSERT INTO `klasifikasi` VALUES (1346, '611.22', 'Bendungan dengan pintu bilas');
INSERT INTO `klasifikasi` VALUES (1347, '611.23', 'Bendungan dengan pompa');
INSERT INTO `klasifikasi` VALUES (1348, '611.24', 'Pengambilan bebas');
INSERT INTO `klasifikasi` VALUES (1349, '611.25', 'Pengambilan bebas dengan pompa');
INSERT INTO `klasifikasi` VALUES (1350, '611.26', 'Sumur dengan pompa');
INSERT INTO `klasifikasi` VALUES (1351, '611.27', 'Kantung lumpur');
INSERT INTO `klasifikasi` VALUES (1352, '611.28', 'Silt ekstraktor');
INSERT INTO `klasifikasi` VALUES (1353, '611.29', 'Escope chanel');
INSERT INTO `klasifikasi` VALUES (1354, '611.3', 'Bangunan pembawa');
INSERT INTO `klasifikasi` VALUES (1355, '611.31', 'Saluran');
INSERT INTO `klasifikasi` VALUES (1356, '611.311', 'Saluran Induk');
INSERT INTO `klasifikasi` VALUES (1357, '611.312', 'Saluran sekunder');
INSERT INTO `klasifikasi` VALUES (1358, '611.313', 'Suplesi');
INSERT INTO `klasifikasi` VALUES (1359, '611.314', 'Tersier');
INSERT INTO `klasifikasi` VALUES (1360, '611.315', 'Saluran kwarter');
INSERT INTO `klasifikasi` VALUES (1361, '611.316', 'Saluran pasangan');
INSERT INTO `klasifikasi` VALUES (1362, '611.317', 'Saluran tertutup/Terowongan');
INSERT INTO `klasifikasi` VALUES (1363, '611.32', 'Bangunan');
INSERT INTO `klasifikasi` VALUES (1364, '611.321', 'Bangunan bagi');
INSERT INTO `klasifikasi` VALUES (1365, '611.322', 'Bangunan bagi dan sadap');
INSERT INTO `klasifikasi` VALUES (1366, '611.323', 'Bangunan sadap');
INSERT INTO `klasifikasi` VALUES (1367, '611.324', 'Bangunan check');
INSERT INTO `klasifikasi` VALUES (1368, '611.325', 'Bangunan terjun');
INSERT INTO `klasifikasi` VALUES (1369, '611.33', 'Box Tersier');
INSERT INTO `klasifikasi` VALUES (1370, '611.34', 'Got miring');
INSERT INTO `klasifikasi` VALUES (1371, '611.35', 'Talang');
INSERT INTO `klasifikasi` VALUES (1372, '611.36', 'Syphon');
INSERT INTO `klasifikasi` VALUES (1373, '611.37', 'Gorong-gorong');
INSERT INTO `klasifikasi` VALUES (1374, '611.38', 'Pelimpah samping');
INSERT INTO `klasifikasi` VALUES (1375, '611.4', 'Bangunan Pembuang');
INSERT INTO `klasifikasi` VALUES (1376, '611.41', 'Saluran');
INSERT INTO `klasifikasi` VALUES (1377, '611.411', 'Saluran pembuang induk');
INSERT INTO `klasifikasi` VALUES (1378, '611.412', 'Saluran pembuang sekunder');
INSERT INTO `klasifikasi` VALUES (1379, '611.413', 'Saluran pembuang tersier');
INSERT INTO `klasifikasi` VALUES (1380, '611.42', 'Bangunan');
INSERT INTO `klasifikasi` VALUES (1381, '611.421', 'Bangunan out let');
INSERT INTO `klasifikasi` VALUES (1382, '611.422', 'Bangunan terjun');
INSERT INTO `klasifikasi` VALUES (1383, '611.423', 'Bangunan penambah banjir');
INSERT INTO `klasifikasi` VALUES (1384, '611.43', 'Gorong-gorong pembuang');
INSERT INTO `klasifikasi` VALUES (1385, '611.44', 'Taalang pembuang');
INSERT INTO `klasifikasi` VALUES (1386, '611.45', 'Syphon pembuang');
INSERT INTO `klasifikasi` VALUES (1387, '611.5', 'Bangunan lainya');
INSERT INTO `klasifikasi` VALUES (1388, '611.51', 'Jalan');
INSERT INTO `klasifikasi` VALUES (1389, '611.511', 'Jalan Inspeksi');
INSERT INTO `klasifikasi` VALUES (1390, '611.512', 'Jalan logistik');
INSERT INTO `klasifikasi` VALUES (1391, '611.52', 'Jembatan');
INSERT INTO `klasifikasi` VALUES (1392, '611.521', 'Jembatan Inspeksi');
INSERT INTO `klasifikasi` VALUES (1393, '611.522', 'Jembatan Hewan');
INSERT INTO `klasifikasi` VALUES (1394, '611.53', 'Tangga Cuci');
INSERT INTO `klasifikasi` VALUES (1395, '611.54', 'Kubangan Kerbau');
INSERT INTO `klasifikasi` VALUES (1396, '611.55', 'Waduk Lapangan');
INSERT INTO `klasifikasi` VALUES (1397, '611.56', 'Bangunan Penunjang');
INSERT INTO `klasifikasi` VALUES (1398, '611.57', 'Jaringan telepon');
INSERT INTO `klasifikasi` VALUES (1399, '611.58', 'Stasiun Argo');
INSERT INTO `klasifikasi` VALUES (1400, '612', 'Poider');
INSERT INTO `klasifikasi` VALUES (1401, '612.1', 'Tanggul Keliling');
INSERT INTO `klasifikasi` VALUES (1402, '612.11', 'Tanggul');
INSERT INTO `klasifikasi` VALUES (1403, '612.12', 'Bangunan Penutup Sungai');
INSERT INTO `klasifikasi` VALUES (1404, '612.13', 'Jembatan');
INSERT INTO `klasifikasi` VALUES (1405, '612.2', 'Bangunan pembawa');
INSERT INTO `klasifikasi` VALUES (1406, '612.21', 'Saluran');
INSERT INTO `klasifikasi` VALUES (1407, '612.211', 'Saluran muka');
INSERT INTO `klasifikasi` VALUES (1408, '612.212', 'Saluran pembawa induk');
INSERT INTO `klasifikasi` VALUES (1409, '612.213', 'Saluran pembawa sekunder');
INSERT INTO `klasifikasi` VALUES (1410, '612.22', 'Stasiun pompa pemasukan');
INSERT INTO `klasifikasi` VALUES (1411, '612.23', 'Bangunan bagi');
INSERT INTO `klasifikasi` VALUES (1412, '612.24', 'Gorong-gorong');
INSERT INTO `klasifikasi` VALUES (1413, '612.25', 'Syphon');
INSERT INTO `klasifikasi` VALUES (1414, '612.3', 'Bangunan pembuangan');
INSERT INTO `klasifikasi` VALUES (1415, '612.31', 'Stasiun pompa pembuang');
INSERT INTO `klasifikasi` VALUES (1416, '612.32', 'Saluran');
INSERT INTO `klasifikasi` VALUES (1417, '612.321', 'Saluran pembuangan induk');
INSERT INTO `klasifikasi` VALUES (1418, '612.322', 'Saluran pembuangan sekunder');
INSERT INTO `klasifikasi` VALUES (1419, '612.33', 'Pintu air pembuangan');
INSERT INTO `klasifikasi` VALUES (1420, '612.34', 'Gorong-gorong pembuangan');
INSERT INTO `klasifikasi` VALUES (1421, '612.35', 'Syphon pembuangan');
INSERT INTO `klasifikasi` VALUES (1422, '612.4', 'Bangunan lainya');
INSERT INTO `klasifikasi` VALUES (1423, '612.41', 'Bangunan');
INSERT INTO `klasifikasi` VALUES (1424, '612.411', 'Bangunan Pengukur air');
INSERT INTO `klasifikasi` VALUES (1425, '612.412', 'Bangunan pengukur curah hujan');
INSERT INTO `klasifikasi` VALUES (1426, '612.413', 'Bangunan gudang stasiun pompa');
INSERT INTO `klasifikasi` VALUES (1427, '612.414', 'Bangunan listrik pompa');
INSERT INTO `klasifikasi` VALUES (1428, '612.42', 'Rumah petugas eksploitasi');
INSERT INTO `klasifikasi` VALUES (1429, '613', 'Pasang Surut');
INSERT INTO `klasifikasi` VALUES (1430, '613.1', 'Bangunan pembawa');
INSERT INTO `klasifikasi` VALUES (1431, '613.11', 'Saluran');
INSERT INTO `klasifikasi` VALUES (1432, '613.111', 'Saluran pembawa induk');
INSERT INTO `klasifikasi` VALUES (1433, '613.112', 'Saluran pembawa sekunder');
INSERT INTO `klasifikasi` VALUES (1434, '613.113', 'Saluran pembawa tersier');
INSERT INTO `klasifikasi` VALUES (1435, '613.114', 'Saluran penyimpanan air');
INSERT INTO `klasifikasi` VALUES (1436, '613.12', 'Bangunan pintu pemasukan');
INSERT INTO `klasifikasi` VALUES (1437, '613.2', 'Bangunan pembuang');
INSERT INTO `klasifikasi` VALUES (1438, '613.21', 'Saluran');
INSERT INTO `klasifikasi` VALUES (1439, '613.211', 'Saluran pembuang induk');
INSERT INTO `klasifikasi` VALUES (1440, '613.212', 'Saluran pembuang sekunder');
INSERT INTO `klasifikasi` VALUES (1441, '613.213', 'Saluran pembuang tersier');
INSERT INTO `klasifikasi` VALUES (1442, '613.214', 'Saluran pengumpul air');
INSERT INTO `klasifikasi` VALUES (1443, '613.22', 'Bangunan pintu pembuangan');
INSERT INTO `klasifikasi` VALUES (1444, '613.3', 'Bangunan lainya');
INSERT INTO `klasifikasi` VALUES (1445, '613.31', 'Kolam pasang');
INSERT INTO `klasifikasi` VALUES (1446, '613.32', 'Saluran');
INSERT INTO `klasifikasi` VALUES (1447, '613.321', 'Saluran lalulintas');
INSERT INTO `klasifikasi` VALUES (1448, '613.322', 'Saluran muka');
INSERT INTO `klasifikasi` VALUES (1449, '613.33', 'Bangunan');
INSERT INTO `klasifikasi` VALUES (1450, '613.331', 'Bangunan penangkis kotoran');
INSERT INTO `klasifikasi` VALUES (1451, '613.332', 'Bangunan pengukur muka air');
INSERT INTO `klasifikasi` VALUES (1452, '613.333', 'Bangunan pengukur curah hujan');
INSERT INTO `klasifikasi` VALUES (1453, '613.34', 'Jalan');
INSERT INTO `klasifikasi` VALUES (1454, '613.35', 'Jembatan');
INSERT INTO `klasifikasi` VALUES (1455, '614', 'Pengendalian sungai');
INSERT INTO `klasifikasi` VALUES (1456, '614.1', 'Bangunan pengaman');
INSERT INTO `klasifikasi` VALUES (1457, '614.11', 'Tanggul banjir');
INSERT INTO `klasifikasi` VALUES (1458, '614.12', 'Pintu pengatur banjir');
INSERT INTO `klasifikasi` VALUES (1459, '614.13', 'Klep pengatur banjir');
INSERT INTO `klasifikasi` VALUES (1460, '614.14', 'Tembok pengaman talud');
INSERT INTO `klasifikasi` VALUES (1461, '614.15', 'Krib');
INSERT INTO `klasifikasi` VALUES (1462, '614.16', 'Kantung lummpur');
INSERT INTO `klasifikasi` VALUES (1463, '614.17', 'Check dam');
INSERT INTO `klasifikasi` VALUES (1464, '614.18', 'Syphon');
INSERT INTO `klasifikasi` VALUES (1465, '614.2', 'Saluran pengaman');
INSERT INTO `klasifikasi` VALUES (1466, '614.21', 'Saluran banjir');
INSERT INTO `klasifikasi` VALUES (1467, '614.22', 'Saluran drainage');
INSERT INTO `klasifikasi` VALUES (1468, '614.23', 'Corepure');
INSERT INTO `klasifikasi` VALUES (1469, '614.3', 'Bangunan lainya');
INSERT INTO `klasifikasi` VALUES (1470, '614.31', 'Warning System');
INSERT INTO `klasifikasi` VALUES (1471, '614.32', 'Stasiun');
INSERT INTO `klasifikasi` VALUES (1472, '614.321', 'Stasiun pengukur curah hujan');
INSERT INTO `klasifikasi` VALUES (1473, '614.322', 'Stasiun pengukur air');
INSERT INTO `klasifikasi` VALUES (1474, '614.323', 'Stasiun pengukur cuaca');
INSERT INTO `klasifikasi` VALUES (1475, '614.324', 'Stasiun pos penjagaan');
INSERT INTO `klasifikasi` VALUES (1476, '615', 'Pengaman pantai');
INSERT INTO `klasifikasi` VALUES (1477, '615.1', 'Tanggul');
INSERT INTO `klasifikasi` VALUES (1478, '615.2', 'Krib');
INSERT INTO `klasifikasi` VALUES (1479, '615.3', 'Bangunan lainya');
INSERT INTO `klasifikasi` VALUES (1480, '616', 'Air tanah');
INSERT INTO `klasifikasi` VALUES (1481, '616.1', 'Stasiun pompa');
INSERT INTO `klasifikasi` VALUES (1482, '616.2', 'Bangunan pembawa');
INSERT INTO `klasifikasi` VALUES (1483, '616.3', 'Bangunan pembuang');
INSERT INTO `klasifikasi` VALUES (1484, '616.4', 'Bangunan lainya');
INSERT INTO `klasifikasi` VALUES (1485, '620', 'JALAN');
INSERT INTO `klasifikasi` VALUES (1486, '621', 'Jalan Kota');
INSERT INTO `klasifikasi` VALUES (1487, '621.1', 'Daerah penguasaan');
INSERT INTO `klasifikasi` VALUES (1488, '621.11', 'Tanah');
INSERT INTO `klasifikasi` VALUES (1489, '621.12', 'Tanaman');
INSERT INTO `klasifikasi` VALUES (1490, '621.13', 'Bangunan');
INSERT INTO `klasifikasi` VALUES (1491, '621.2', 'Bangunan sementara');
INSERT INTO `klasifikasi` VALUES (1492, '621.21', 'Jalan sementara');
INSERT INTO `klasifikasi` VALUES (1493, '621.22', 'Jembatan sementara');
INSERT INTO `klasifikasi` VALUES (1494, '621.23', 'Kantor proyek');
INSERT INTO `klasifikasi` VALUES (1495, '621.24', 'Gudang proyek');
INSERT INTO `klasifikasi` VALUES (1496, '621.25', 'Barak kerja');
INSERT INTO `klasifikasi` VALUES (1497, '621.26', 'Laboratorium lapangan');
INSERT INTO `klasifikasi` VALUES (1498, '621.27', 'Rumah');
INSERT INTO `klasifikasi` VALUES (1499, '621.3', 'Badan jalan');
INSERT INTO `klasifikasi` VALUES (1500, '621.31', 'Pekerjaan tanah (earth work)');
INSERT INTO `klasifikasi` VALUES (1501, '621.32', 'Stabilisasi');
INSERT INTO `klasifikasi` VALUES (1502, '621.4', 'Perkerasan');
INSERT INTO `klasifikasi` VALUES (1503, '621.41', 'Lapisan pondasi bawah');
INSERT INTO `klasifikasi` VALUES (1504, '621.42', 'Lapisan pondasi');
INSERT INTO `klasifikasi` VALUES (1505, '621.43', 'Lapisan permukaan');
INSERT INTO `klasifikasi` VALUES (1506, '621.5', 'Drainage');
INSERT INTO `klasifikasi` VALUES (1507, '621.51', 'Parit sawah');
INSERT INTO `klasifikasi` VALUES (1508, '621.52', 'Gorong-gorong (culvert)');
INSERT INTO `klasifikasi` VALUES (1509, '621.6', 'Buku Trotir');
INSERT INTO `klasifikasi` VALUES (1510, '621.61', 'Tanah');
INSERT INTO `klasifikasi` VALUES (1511, '621.62', 'Perkerasan');
INSERT INTO `klasifikasi` VALUES (1512, '621.63', 'Pasangan');
INSERT INTO `klasifikasi` VALUES (1513, '621.7', 'Median');
INSERT INTO `klasifikasi` VALUES (1514, '621.71', 'Tanah');
INSERT INTO `klasifikasi` VALUES (1515, '621.72', 'Tanaman');
INSERT INTO `klasifikasi` VALUES (1516, '621.73', 'Perkerasan');
INSERT INTO `klasifikasi` VALUES (1517, '621.74', 'Pasangan');
INSERT INTO `klasifikasi` VALUES (1518, '621.8', 'Daerah Samping');
INSERT INTO `klasifikasi` VALUES (1519, '621.81', 'Tanaman');
INSERT INTO `klasifikasi` VALUES (1520, '621.82', 'Pagar');
INSERT INTO `klasifikasi` VALUES (1521, '621.9', 'Bangunan pelengkap dan pengaman');
INSERT INTO `klasifikasi` VALUES (1522, '621.91', 'Rambu-rambu/ tanda tanda lalu lintas');
INSERT INTO `klasifikasi` VALUES (1523, '621.92', 'Lampu penerangan');
INSERT INTO `klasifikasi` VALUES (1524, '621.93', 'Lampu pengatur lalulintas');
INSERT INTO `klasifikasi` VALUES (1525, '621.94', 'Patok-patok KM');
INSERT INTO `klasifikasi` VALUES (1526, '621.95', 'Patok-patok R.O.W.(Sempadan)');
INSERT INTO `klasifikasi` VALUES (1527, '621.96', 'Rel pengaman');
INSERT INTO `klasifikasi` VALUES (1528, '621.97', 'Pagar');
INSERT INTO `klasifikasi` VALUES (1529, '621.98', 'Turap penahan');
INSERT INTO `klasifikasi` VALUES (1530, '621.99', 'Bronjong');
INSERT INTO `klasifikasi` VALUES (1531, '622', 'JALAN LUAR KOTA');
INSERT INTO `klasifikasi` VALUES (1532, '622.1', 'Daerah penguasaan');
INSERT INTO `klasifikasi` VALUES (1533, '622.11', 'Tanah');
INSERT INTO `klasifikasi` VALUES (1534, '622.12', 'Tanaman');
INSERT INTO `klasifikasi` VALUES (1535, '622.13', 'Bangunan');
INSERT INTO `klasifikasi` VALUES (1536, '622.2', 'Bangunan sementara');
INSERT INTO `klasifikasi` VALUES (1537, '622.21', 'Jalan sementara');
INSERT INTO `klasifikasi` VALUES (1538, '622.22', 'Jembatan sementara');
INSERT INTO `klasifikasi` VALUES (1539, '622.23', 'Kantor proyek');
INSERT INTO `klasifikasi` VALUES (1540, '622.24', 'Gudang proyek');
INSERT INTO `klasifikasi` VALUES (1541, '622.25', 'Barak kerja');
INSERT INTO `klasifikasi` VALUES (1542, '622.26', 'Laboratorium lapangan');
INSERT INTO `klasifikasi` VALUES (1543, '622.27', 'Rumah');
INSERT INTO `klasifikasi` VALUES (1544, '622.3', 'Badan jalan');
INSERT INTO `klasifikasi` VALUES (1545, '622.31', 'Pekerjaan tanah (earth work)');
INSERT INTO `klasifikasi` VALUES (1546, '622.32', 'Stabilitas');
INSERT INTO `klasifikasi` VALUES (1547, '622.4', 'Perkerasan(pavement)');
INSERT INTO `klasifikasi` VALUES (1548, '622.41', 'Lapis pondasi bawah');
INSERT INTO `klasifikasi` VALUES (1549, '622.42', 'Lapis pondasi');
INSERT INTO `klasifikasi` VALUES (1550, '622.43', 'Lapis permukaan');
INSERT INTO `klasifikasi` VALUES (1551, '622.5', 'Drainage');
INSERT INTO `klasifikasi` VALUES (1552, '622.51', 'Parit');
INSERT INTO `klasifikasi` VALUES (1553, '622.52', 'Gorong-gorong(culvert)');
INSERT INTO `klasifikasi` VALUES (1554, '622.53', 'Sub drainage');
INSERT INTO `klasifikasi` VALUES (1555, '622.6', 'Trotoir');
INSERT INTO `klasifikasi` VALUES (1556, '622.61', 'Tanah');
INSERT INTO `klasifikasi` VALUES (1557, '622.62', 'Perkerasan');
INSERT INTO `klasifikasi` VALUES (1558, '622.71', 'Median');
INSERT INTO `klasifikasi` VALUES (1559, '622.72', 'Tanah');
INSERT INTO `klasifikasi` VALUES (1560, '622.73', 'Tanaman');
INSERT INTO `klasifikasi` VALUES (1561, '622.74', 'Perkerasan');
INSERT INTO `klasifikasi` VALUES (1562, '622.75', 'Pasangan');
INSERT INTO `klasifikasi` VALUES (1563, '622.8', 'Daerah samping');
INSERT INTO `klasifikasi` VALUES (1564, '622.81', 'Tanaman');
INSERT INTO `klasifikasi` VALUES (1565, '622.82', 'Pagar');
INSERT INTO `klasifikasi` VALUES (1566, '622.9', 'Bangunan pelengkap dan pengaman');
INSERT INTO `klasifikasi` VALUES (1567, '622.91', 'Rambu-rambu/ tanda tanda lalu lintas');
INSERT INTO `klasifikasi` VALUES (1568, '622.92', 'Lampu penerangan');
INSERT INTO `klasifikasi` VALUES (1569, '622.93', 'Lampu lalulintas');
INSERT INTO `klasifikasi` VALUES (1570, '622.94', 'Patok-patok KM');
INSERT INTO `klasifikasi` VALUES (1571, '622.95', 'Patok-patok R.O.W.(Sempadan)');
INSERT INTO `klasifikasi` VALUES (1572, '622.96', 'Rel-rel pengaman');
INSERT INTO `klasifikasi` VALUES (1573, '622.97', 'Pagar');
INSERT INTO `klasifikasi` VALUES (1574, '622.98', 'Turap pengaman');
INSERT INTO `klasifikasi` VALUES (1575, '622.99', 'Bronjong');
INSERT INTO `klasifikasi` VALUES (1576, '630', 'JEMBATAN');
INSERT INTO `klasifikasi` VALUES (1577, '631', 'Jembatan pada jalan kota');
INSERT INTO `klasifikasi` VALUES (1578, '631.1', 'Daerah penguasaan');
INSERT INTO `klasifikasi` VALUES (1579, '631.11', 'Tanah');
INSERT INTO `klasifikasi` VALUES (1580, '631.12', 'Tanaman');
INSERT INTO `klasifikasi` VALUES (1581, '631.13', 'Bangunan');
INSERT INTO `klasifikasi` VALUES (1582, '631.2', 'Bangunan sementara');
INSERT INTO `klasifikasi` VALUES (1583, '631.21', 'Jalan sementara');
INSERT INTO `klasifikasi` VALUES (1584, '631.22', 'Jembatan sementara');
INSERT INTO `klasifikasi` VALUES (1585, '631.23', 'Kantor proyek');
INSERT INTO `klasifikasi` VALUES (1586, '631.24', 'Gudang proyek');
INSERT INTO `klasifikasi` VALUES (1587, '631.25', 'Barak kerja');
INSERT INTO `klasifikasi` VALUES (1588, '631.26', 'Laboratorium lapangan');
INSERT INTO `klasifikasi` VALUES (1589, '631.27', 'Rumah');
INSERT INTO `klasifikasi` VALUES (1590, '631.3', 'Pekerjaan tanah (earth work)');
INSERT INTO `klasifikasi` VALUES (1591, '631.31', 'Galian tanah');
INSERT INTO `klasifikasi` VALUES (1592, '631.32', 'Timbunan tanah');
INSERT INTO `klasifikasi` VALUES (1593, '631.4', 'Pondasi');
INSERT INTO `klasifikasi` VALUES (1594, '631.41', 'Pondasi kepala jembatan');
INSERT INTO `klasifikasi` VALUES (1595, '631.42', 'Pondasi pijar');
INSERT INTO `klasifikasi` VALUES (1596, '631.43', 'Pondasi angker');
INSERT INTO `klasifikasi` VALUES (1597, '631.5', 'Bangunan bawah');
INSERT INTO `klasifikasi` VALUES (1598, '631.51', 'Kepala jembatan');
INSERT INTO `klasifikasi` VALUES (1599, '631.52', 'Pilar');
INSERT INTO `klasifikasi` VALUES (1600, '631.53', 'Piloon');
INSERT INTO `klasifikasi` VALUES (1601, '631.54', 'Landasan');
INSERT INTO `klasifikasi` VALUES (1602, '631.6', 'Bangunan');
INSERT INTO `klasifikasi` VALUES (1603, '631.61', 'Gelagar');
INSERT INTO `klasifikasi` VALUES (1604, '631.62', 'Lantai');
INSERT INTO `klasifikasi` VALUES (1605, '631.63', 'Perkerasan');
INSERT INTO `klasifikasi` VALUES (1606, '631.64', 'Jalan orang/Trotoir');
INSERT INTO `klasifikasi` VALUES (1607, '631.65', 'Sandaran');
INSERT INTO `klasifikasi` VALUES (1608, '631.66', 'Talang air');
INSERT INTO `klasifikasi` VALUES (1609, '631.7', 'Bangunan pengaman');
INSERT INTO `klasifikasi` VALUES (1610, '631.71', 'Turap/penahan');
INSERT INTO `klasifikasi` VALUES (1611, '631.72', 'Bronjong');
INSERT INTO `klasifikasi` VALUES (1612, '631.73', 'Strek dam');
INSERT INTO `klasifikasi` VALUES (1613, '631.74', 'Kist dam');
INSERT INTO `klasifikasi` VALUES (1614, '631.75', 'Coupure');
INSERT INTO `klasifikasi` VALUES (1615, '631.76', 'Krib');
INSERT INTO `klasifikasi` VALUES (1616, '631.8', 'Bangunan pelengkap');
INSERT INTO `klasifikasi` VALUES (1617, '631.81', 'Rambu-rambu/Tanda-tanda lalulintas');
INSERT INTO `klasifikasi` VALUES (1618, '631.82', 'Lampu penerangan');
INSERT INTO `klasifikasi` VALUES (1619, '631.83', 'Lampu pengatur lalulintas');
INSERT INTO `klasifikasi` VALUES (1620, '631.84', 'Patok pengaman');
INSERT INTO `klasifikasi` VALUES (1621, '631.85', 'Patok R.O.W.(Sempedan)');
INSERT INTO `klasifikasi` VALUES (1622, '631.86', 'Pagar');
INSERT INTO `klasifikasi` VALUES (1623, '631.9', 'Parit');
INSERT INTO `klasifikasi` VALUES (1624, '631.91', 'Badan');
INSERT INTO `klasifikasi` VALUES (1625, '631.92', 'Perkerasan');
INSERT INTO `klasifikasi` VALUES (1626, '631.93', 'Drainage');
INSERT INTO `klasifikasi` VALUES (1627, '631.94', 'Baku');
INSERT INTO `klasifikasi` VALUES (1628, '631.95', 'Median');
INSERT INTO `klasifikasi` VALUES (1629, '632', 'Jembatan pada jalan luar kota');
INSERT INTO `klasifikasi` VALUES (1630, '632.1', 'Daerah penguasaan');
INSERT INTO `klasifikasi` VALUES (1631, '632.11', 'Tanah');
INSERT INTO `klasifikasi` VALUES (1632, '632.12', 'Tanaman');
INSERT INTO `klasifikasi` VALUES (1633, '632.13', 'Bangunan');
INSERT INTO `klasifikasi` VALUES (1634, '632.2', 'Bangunan sementara');
INSERT INTO `klasifikasi` VALUES (1635, '632.21', 'Jalan sementara');
INSERT INTO `klasifikasi` VALUES (1636, '632.22', 'Jembatan sementara');
INSERT INTO `klasifikasi` VALUES (1637, '632.23', 'Kantor proyek');
INSERT INTO `klasifikasi` VALUES (1638, '632.24', 'Gudang proyek');
INSERT INTO `klasifikasi` VALUES (1639, '632.25', 'Barak kerja');
INSERT INTO `klasifikasi` VALUES (1640, '632.26', 'Laboratorium lapangan');
INSERT INTO `klasifikasi` VALUES (1641, '632.27', 'Rumah');
INSERT INTO `klasifikasi` VALUES (1642, '623.3', 'Pekerjaan tanah');
INSERT INTO `klasifikasi` VALUES (1643, '623.31', 'Galian tanah');
INSERT INTO `klasifikasi` VALUES (1644, '623.32', 'Timbunan tanah');
INSERT INTO `klasifikasi` VALUES (1645, '623.4', 'Pondasi');
INSERT INTO `klasifikasi` VALUES (1646, '623.41', 'Pondasi kepala jembatan');
INSERT INTO `klasifikasi` VALUES (1647, '623.42', 'Pondasi pijar');
INSERT INTO `klasifikasi` VALUES (1648, '623.43', 'Pondasi angker');
INSERT INTO `klasifikasi` VALUES (1649, '623.5', 'Bangunan bawah');
INSERT INTO `klasifikasi` VALUES (1650, '623.51', 'Kepala jembatan');
INSERT INTO `klasifikasi` VALUES (1651, '623.52', 'Pilar');
INSERT INTO `klasifikasi` VALUES (1652, '623.53', 'Piloon');
INSERT INTO `klasifikasi` VALUES (1653, '623.54', 'Landasan');
INSERT INTO `klasifikasi` VALUES (1654, '623.6', 'Bangunan atas');
INSERT INTO `klasifikasi` VALUES (1655, '623.61', 'Gelagar');
INSERT INTO `klasifikasi` VALUES (1656, '623.62', 'Lantai');
INSERT INTO `klasifikasi` VALUES (1657, '623.63', 'Perkerasan');
INSERT INTO `klasifikasi` VALUES (1658, '623.64', 'Jalan orang/Trotoir');
INSERT INTO `klasifikasi` VALUES (1659, '623.65', 'Sandaran');
INSERT INTO `klasifikasi` VALUES (1660, '623.66', 'Talang air');
INSERT INTO `klasifikasi` VALUES (1661, '623.7', 'Bangunan pengaman');
INSERT INTO `klasifikasi` VALUES (1662, '623.71', 'Turap/penahan');
INSERT INTO `klasifikasi` VALUES (1663, '623.72', 'Bronjong');
INSERT INTO `klasifikasi` VALUES (1664, '623.73', 'Strek dam');
INSERT INTO `klasifikasi` VALUES (1665, '623.74', 'Kist dam');
INSERT INTO `klasifikasi` VALUES (1666, '623.75', 'Coupure');
INSERT INTO `klasifikasi` VALUES (1667, '623.76', 'Krib');
INSERT INTO `klasifikasi` VALUES (1668, '623.8', 'Bangunan pelengkap');
INSERT INTO `klasifikasi` VALUES (1669, '623.81', 'Rambu-rambu/Tanda-tanda lalulintas');
INSERT INTO `klasifikasi` VALUES (1670, '623.82', 'Lampu penerangan');
INSERT INTO `klasifikasi` VALUES (1671, '623.83', 'Lampu pengatur lalulintas');
INSERT INTO `klasifikasi` VALUES (1672, '623.84', 'Patok pengaman');
INSERT INTO `klasifikasi` VALUES (1673, '623.85', 'Patok R.O.W.(Sempedan)');
INSERT INTO `klasifikasi` VALUES (1674, '623.86', 'Pagar');
INSERT INTO `klasifikasi` VALUES (1675, '623.9', 'Sprit');
INSERT INTO `klasifikasi` VALUES (1676, '623.91', 'Badan');
INSERT INTO `klasifikasi` VALUES (1677, '623.92', 'Perkerasan');
INSERT INTO `klasifikasi` VALUES (1678, '623.93', 'Drainage');
INSERT INTO `klasifikasi` VALUES (1679, '623.94', 'Baku');
INSERT INTO `klasifikasi` VALUES (1680, '623.95', 'Median');
INSERT INTO `klasifikasi` VALUES (1681, '640', 'BANGUNAN');
INSERT INTO `klasifikasi` VALUES (1682, '641', 'Bangunan pemerintah');
INSERT INTO `klasifikasi` VALUES (1683, '641.1', 'Gedung pengadilan');
INSERT INTO `klasifikasi` VALUES (1684, '641.2', 'Rumah pejabat negara');
INSERT INTO `klasifikasi` VALUES (1685, '641.3', 'Gedung DPR');
INSERT INTO `klasifikasi` VALUES (1686, '641.4', 'Gedung balai kota');
INSERT INTO `klasifikasi` VALUES (1687, '641.5', 'Penjara/Rumah Tahanan');
INSERT INTO `klasifikasi` VALUES (1688, '641.6', 'Perkantoran');
INSERT INTO `klasifikasi` VALUES (1689, '642', 'Bangunan pendidikan');
INSERT INTO `klasifikasi` VALUES (1690, '642.1', 'Taman kanak-kanak');
INSERT INTO `klasifikasi` VALUES (1691, '642.2', 'SD & Sekolah menengah');
INSERT INTO `klasifikasi` VALUES (1692, '642.3', 'Perguruan tinggi');
INSERT INTO `klasifikasi` VALUES (1693, '643', 'Bangunan Rekreasi');
INSERT INTO `klasifikasi` VALUES (1694, '643.1', 'Bangunan Olahraga');
INSERT INTO `klasifikasi` VALUES (1695, '643.2', 'Gedung Kesenian');
INSERT INTO `klasifikasi` VALUES (1696, '643.3', 'Gedung Pemancar');
INSERT INTO `klasifikasi` VALUES (1697, '644', 'Bangunan Perdagangan');
INSERT INTO `klasifikasi` VALUES (1698, '644.1', 'Pusat Perbelanjaan');
INSERT INTO `klasifikasi` VALUES (1699, '644.2', 'Gedung Perdagangan');
INSERT INTO `klasifikasi` VALUES (1700, '644.3', 'Bank');
INSERT INTO `klasifikasi` VALUES (1701, '644.4', 'Perkantoran');
INSERT INTO `klasifikasi` VALUES (1702, '645', 'Bangunan Pelayanan Umum');
INSERT INTO `klasifikasi` VALUES (1703, '645.1', 'Mandi, Cuci, Kakus (MCK) Umum');
INSERT INTO `klasifikasi` VALUES (1704, '645.2', 'Gedung Parkir');
INSERT INTO `klasifikasi` VALUES (1705, '645.3', 'Rumah Sakit');
INSERT INTO `klasifikasi` VALUES (1706, '645.4', 'Gedung Telkom');
INSERT INTO `klasifikasi` VALUES (1707, '645.5', 'Terminal Angkutan Udara');
INSERT INTO `klasifikasi` VALUES (1708, '645.6', 'Terminal Angkutan Air');
INSERT INTO `klasifikasi` VALUES (1709, '645.7', 'Terminal Angkutan Darat');
INSERT INTO `klasifikasi` VALUES (1710, '645.8', 'Bangunan Keagamaan');
INSERT INTO `klasifikasi` VALUES (1711, '646', 'Bangunan Peninggalan Sejarah');
INSERT INTO `klasifikasi` VALUES (1712, '646.1', 'Monumen');
INSERT INTO `klasifikasi` VALUES (1713, '646.2', 'Candi');
INSERT INTO `klasifikasi` VALUES (1714, '646.3', 'Kraton');
INSERT INTO `klasifikasi` VALUES (1715, '646.4', 'Rumah Tradisional');
INSERT INTO `klasifikasi` VALUES (1716, '647', 'Bangunan Indrustri');
INSERT INTO `klasifikasi` VALUES (1717, '648', 'Bangunan Tempat Tinggal');
INSERT INTO `klasifikasi` VALUES (1718, '648.1', 'Rumah Perkotaan');
INSERT INTO `klasifikasi` VALUES (1719, '648.11', 'Inti/ Sederhana');
INSERT INTO `klasifikasi` VALUES (1720, '648.12', 'Sedang/ Mewah');
INSERT INTO `klasifikasi` VALUES (1721, '648.2', 'Rumah Pedesaan');
INSERT INTO `klasifikasi` VALUES (1722, '648.21', 'Rumah Contoh');
INSERT INTO `klasifikasi` VALUES (1723, '648.3', 'Real Estate');
INSERT INTO `klasifikasi` VALUES (1724, '649', 'Elemen Bangunan');
INSERT INTO `klasifikasi` VALUES (1725, '649.1', 'Pondasi');
INSERT INTO `klasifikasi` VALUES (1726, '649.11', 'Diatas Tiang');
INSERT INTO `klasifikasi` VALUES (1727, '649.2', 'Dinding');
INSERT INTO `klasifikasi` VALUES (1728, '649.21', 'Penahan Beban');
INSERT INTO `klasifikasi` VALUES (1729, '649.22', 'Tidak Menahan Beban');
INSERT INTO `klasifikasi` VALUES (1730, '649.3', 'Atap');
INSERT INTO `klasifikasi` VALUES (1731, '649.31', 'Atap genting');
INSERT INTO `klasifikasi` VALUES (1732, '649.32', 'Atap asbes');
INSERT INTO `klasifikasi` VALUES (1733, '649.33', 'Atap seng');
INSERT INTO `klasifikasi` VALUES (1734, '649.4', 'Lantai/ Langit - langit');
INSERT INTO `klasifikasi` VALUES (1735, '649.41', 'Suspended');
INSERT INTO `klasifikasi` VALUES (1736, '649.42', 'Solit');
INSERT INTO `klasifikasi` VALUES (1737, '649.5', 'Pintu/ Jendela');
INSERT INTO `klasifikasi` VALUES (1738, '649.51', 'Pintu Harmonik');
INSERT INTO `klasifikasi` VALUES (1739, '649.52', 'Pintu Biasa');
INSERT INTO `klasifikasi` VALUES (1740, '649.53', 'Pintu Sorong');
INSERT INTO `klasifikasi` VALUES (1741, '649.54', 'Jendela Kayu');
INSERT INTO `klasifikasi` VALUES (1742, '649.55', 'Jendela Sorong');
INSERT INTO `klasifikasi` VALUES (1743, '649.56', 'Jendela Vertikal');
INSERT INTO `klasifikasi` VALUES (1744, '650', 'TATA KOTA');
INSERT INTO `klasifikasi` VALUES (1745, '650.1', 'UWSSP');
INSERT INTO `klasifikasi` VALUES (1746, '650.2', 'USDRP');
INSERT INTO `klasifikasi` VALUES (1747, '650.3', 'Rencana Detail Tata Ruang Kota (RDTRK)');
INSERT INTO `klasifikasi` VALUES (1748, '650.4', 'Master Plan');
INSERT INTO `klasifikasi` VALUES (1749, '650.5', 'BKM (Bantul Kota Mandiri)');
INSERT INTO `klasifikasi` VALUES (1750, '651', 'Daerah Perdagangan / Pelabuhan');
INSERT INTO `klasifikasi` VALUES (1751, '651.1', 'Daerah Pusat Perbelanjaan');
INSERT INTO `klasifikasi` VALUES (1752, '651.2', 'Daerah Perkotaan');
INSERT INTO `klasifikasi` VALUES (1753, '652', 'Daerah pemeritahan');
INSERT INTO `klasifikasi` VALUES (1754, '653', 'Daerah perumahan (site & service)');
INSERT INTO `klasifikasi` VALUES (1755, '653.1', 'Kepadatan rendah (low density)');
INSERT INTO `klasifikasi` VALUES (1756, '653.2', 'Kepadatan tinggi (high density)');
INSERT INTO `klasifikasi` VALUES (1757, '654', 'Daerah Indrustri');
INSERT INTO `klasifikasi` VALUES (1758, '654.1', 'Industri berat');
INSERT INTO `klasifikasi` VALUES (1759, '654.2', 'Industri ringan');
INSERT INTO `klasifikasi` VALUES (1760, '654.3', 'Industri rumah (home industri)');
INSERT INTO `klasifikasi` VALUES (1761, '655', 'Daerah rekreasi (open space )');
INSERT INTO `klasifikasi` VALUES (1762, '655.1', 'Public gardens');
INSERT INTO `klasifikasi` VALUES (1763, '655.2', 'Sport & playing fields');
INSERT INTO `klasifikasi` VALUES (1764, '655.3', 'Open space');
INSERT INTO `klasifikasi` VALUES (1765, '656', 'Tranportasi (tata letak )');
INSERT INTO `klasifikasi` VALUES (1766, '656.1', 'Jaringan jalan');
INSERT INTO `klasifikasi` VALUES (1767, '656.11', 'Penerangan jalan');
INSERT INTO `klasifikasi` VALUES (1768, '656.2', 'Jaringan kereta api');
INSERT INTO `klasifikasi` VALUES (1769, '656.3', 'Jaringan sungai');
INSERT INTO `klasifikasi` VALUES (1770, '657', 'Assaineering');
INSERT INTO `klasifikasi` VALUES (1771, '657.1', 'Saluran Pengumpulan');
INSERT INTO `klasifikasi` VALUES (1772, '657.2', 'Instalansi Pengolahan');
INSERT INTO `klasifikasi` VALUES (1773, '657.21', 'Bangunan');
INSERT INTO `klasifikasi` VALUES (1774, '657.211', 'Bangunan penyaring');
INSERT INTO `klasifikasi` VALUES (1775, '657.212', 'Bangunan penghancur kotoran/Sampah');
INSERT INTO `klasifikasi` VALUES (1776, '657.213', 'Banguanan pengendap');
INSERT INTO `klasifikasi` VALUES (1777, '657.214', 'Bangunan pengering lumpur');
INSERT INTO `klasifikasi` VALUES (1778, '657.22', 'Unit disinfektan');
INSERT INTO `klasifikasi` VALUES (1779, '657.23', 'Unit perpompaan');
INSERT INTO `klasifikasi` VALUES (1780, '658', 'Kesehatan Lingkungan');
INSERT INTO `klasifikasi` VALUES (1781, '658.1', 'Persampahan');
INSERT INTO `klasifikasi` VALUES (1782, '658.11', 'Bangunan pengumpul');
INSERT INTO `klasifikasi` VALUES (1783, '658.12', 'Bangunan Pemusnahan');
INSERT INTO `klasifikasi` VALUES (1784, '658.13', 'Teknologi Daur Ulang/Bioculture');
INSERT INTO `klasifikasi` VALUES (1785, '658.2', 'Pengotoran Udara');
INSERT INTO `klasifikasi` VALUES (1786, '658.3', 'Pengotoran air');
INSERT INTO `klasifikasi` VALUES (1787, '658.31', 'Air buangan Industri');
INSERT INTO `klasifikasi` VALUES (1788, '658.4', 'Kegaduhan');
INSERT INTO `klasifikasi` VALUES (1789, '658.5', 'Kebersihan kota');
INSERT INTO `klasifikasi` VALUES (1790, '660', 'TATA LINGKUNGAN');
INSERT INTO `klasifikasi` VALUES (1791, '660.1', 'Lingkungan');
INSERT INTO `klasifikasi` VALUES (1792, '660.2', 'Kebersihan lingkungan');
INSERT INTO `klasifikasi` VALUES (1793, '660.3', 'Pencemaran');
INSERT INTO `klasifikasi` VALUES (1794, '660.31', 'Pencemaran air');
INSERT INTO `klasifikasi` VALUES (1795, '660.32', 'Pencemaran udara');
INSERT INTO `klasifikasi` VALUES (1796, '661', 'Daerah hutan');
INSERT INTO `klasifikasi` VALUES (1797, '662', 'Daerah pertanian/Perkebunan');
INSERT INTO `klasifikasi` VALUES (1798, '663', 'Daerah pemukiman');
INSERT INTO `klasifikasi` VALUES (1799, '664', 'Pusat pertumbuhan');
INSERT INTO `klasifikasi` VALUES (1800, '665', 'Transportasi');
INSERT INTO `klasifikasi` VALUES (1801, '665.1', 'Jaringan jalan');
INSERT INTO `klasifikasi` VALUES (1802, '665.2', 'Jaringan kereta api');
INSERT INTO `klasifikasi` VALUES (1803, '665.3', 'Jaringan sungai');
INSERT INTO `klasifikasi` VALUES (1804, '670', 'KETERANGAN');
INSERT INTO `klasifikasi` VALUES (1805, '671', 'Listrik');
INSERT INTO `klasifikasi` VALUES (1806, '671.1', 'Kelistrikan');
INSERT INTO `klasifikasi` VALUES (1807, '671.11', 'Kelistrikan PLN');
INSERT INTO `klasifikasi` VALUES (1808, '671.12', 'Kelistrikan non PLN');
INSERT INTO `klasifikasi` VALUES (1809, '671.2', 'Pembangkitan tenaga listrik');
INSERT INTO `klasifikasi` VALUES (1810, '671.21', 'PLTA- Pembangkit listrik tenaga air');
INSERT INTO `klasifikasi` VALUES (1811, '671.22', 'PLTD- Pembangkit listrik tenaga diesel');
INSERT INTO `klasifikasi` VALUES (1812, '671.23', 'PLTG- Pembangkit listrik tenaga gas');
INSERT INTO `klasifikasi` VALUES (1813, '671.24', 'PLTM-Pembangkit listrik tenaga matahari');
INSERT INTO `klasifikasi` VALUES (1814, '671.25', 'PLTN-Pembangkit listrik tenaga nuklir');
INSERT INTO `klasifikasi` VALUES (1815, '671.26', 'PLTB-Pembangkit listrik tenaga panas bumi');
INSERT INTO `klasifikasi` VALUES (1816, '671.27', 'PLTU-Pembangkit listrik tenaga uap');
INSERT INTO `klasifikasi` VALUES (1817, '671.3', 'Transmisi tenaga listrik');
INSERT INTO `klasifikasi` VALUES (1818, '671.31', 'Gardu Induk/Gardu penghubung/Gardu trafo');
INSERT INTO `klasifikasi` VALUES (1819, '671.32', 'Saluran udara tegangan tinggi');
INSERT INTO `klasifikasi` VALUES (1820, '671.33', 'Kabel bawah tanah');
INSERT INTO `klasifikasi` VALUES (1821, '671.4', 'Distribusi tenaga listrik');
INSERT INTO `klasifikasi` VALUES (1822, '671.41', 'Gardu distribusi');
INSERT INTO `klasifikasi` VALUES (1823, '671.42', 'Tegangan menengah');
INSERT INTO `klasifikasi` VALUES (1824, '671.43', 'Tegangan rendah');
INSERT INTO `klasifikasi` VALUES (1825, '671.44', 'Jaringan bawah tanah');
INSERT INTO `klasifikasi` VALUES (1826, '761.5', 'Pengusahaan listrik');
INSERT INTO `klasifikasi` VALUES (1827, '671.51', 'Sambungan listrik');
INSERT INTO `klasifikasi` VALUES (1828, '671.52', 'Penjualan tenaga listrik');
INSERT INTO `klasifikasi` VALUES (1829, '671.53', 'Tarip listrik');
INSERT INTO `klasifikasi` VALUES (1830, '672', 'Tenaga Air');
INSERT INTO `klasifikasi` VALUES (1831, '673', 'Tenaga minyak');
INSERT INTO `klasifikasi` VALUES (1832, '674', 'Tenaga gas');
INSERT INTO `klasifikasi` VALUES (1833, '675', 'Tenaga matahari');
INSERT INTO `klasifikasi` VALUES (1834, '676', 'Tenaga nuklir');
INSERT INTO `klasifikasi` VALUES (1835, '677', 'Tenaga panas bumi');
INSERT INTO `klasifikasi` VALUES (1836, '678', 'Tenaga uap');
INSERT INTO `klasifikasi` VALUES (1837, '679', 'Tenaga lainnya');
INSERT INTO `klasifikasi` VALUES (1838, '680', 'PERALATAN');
INSERT INTO `klasifikasi` VALUES (1839, '690', 'AIR MINUM');
INSERT INTO `klasifikasi` VALUES (1840, '691', 'Intake');
INSERT INTO `klasifikasi` VALUES (1841, '691.1', 'Broncaptering');
INSERT INTO `klasifikasi` VALUES (1842, '691.2', 'Sumur');
INSERT INTO `klasifikasi` VALUES (1843, '691.21', 'Sumur Pompa');
INSERT INTO `klasifikasi` VALUES (1844, '691.22', 'Sumur Artesis');
INSERT INTO `klasifikasi` VALUES (1845, '691.3', 'Bendungan');
INSERT INTO `klasifikasi` VALUES (1846, '691.4', 'Saringan(Screen)');
INSERT INTO `klasifikasi` VALUES (1847, '691.5', 'Pintu air');
INSERT INTO `klasifikasi` VALUES (1848, '691.6', 'Saluran pembawa');
INSERT INTO `klasifikasi` VALUES (1849, '691.7', 'Alat ukur');
INSERT INTO `klasifikasi` VALUES (1850, '691.8', 'Perpompaan');
INSERT INTO `klasifikasi` VALUES (1851, '692', 'Transmisi air baku');
INSERT INTO `klasifikasi` VALUES (1852, '692.1', 'Perpipaan');
INSERT INTO `klasifikasi` VALUES (1853, '692.2', 'Katup udara(air relatif)');
INSERT INTO `klasifikasi` VALUES (1854, '692.3', 'Katup pelepasan(blow off)');
INSERT INTO `klasifikasi` VALUES (1855, '692.4', 'Bak pelepasan tenagan');
INSERT INTO `klasifikasi` VALUES (1856, '692.5', 'Jembatan pipa');
INSERT INTO `klasifikasi` VALUES (1857, '692.6', 'Syphon');
INSERT INTO `klasifikasi` VALUES (1858, '693', 'Instalasi pengelolaan');
INSERT INTO `klasifikasi` VALUES (1859, '693.1', 'Bangunan ukur');
INSERT INTO `klasifikasi` VALUES (1860, '693.2', 'Bangunan aerasi');
INSERT INTO `klasifikasi` VALUES (1861, '693.3', 'Bangunan pengendapan');
INSERT INTO `klasifikasi` VALUES (1862, '693.4', 'Bangunan pembubuh bahan kimia');
INSERT INTO `klasifikasi` VALUES (1863, '693.5', 'Bangunan pengaduk');
INSERT INTO `klasifikasi` VALUES (1864, '693.6', 'Bangunan saringan');
INSERT INTO `klasifikasi` VALUES (1865, '693.7', 'Perpompaan');
INSERT INTO `klasifikasi` VALUES (1866, '693.8', 'Clear hell');
INSERT INTO `klasifikasi` VALUES (1867, '694', 'Distribusi');
INSERT INTO `klasifikasi` VALUES (1868, '694.1', 'Reversior menara bawah tanah');
INSERT INTO `klasifikasi` VALUES (1869, '694.11', 'Menara');
INSERT INTO `klasifikasi` VALUES (1870, '694.12', 'Reversior dibawah tanah');
INSERT INTO `klasifikasi` VALUES (1871, '694.2', 'Perpipaan');
INSERT INTO `klasifikasi` VALUES (1872, '694.3', 'Perpompaan');
INSERT INTO `klasifikasi` VALUES (1873, '694.4', 'Jembatan Pipa');
INSERT INTO `klasifikasi` VALUES (1874, '694.5', 'Syphon');
INSERT INTO `klasifikasi` VALUES (1875, '694.6', 'Hydran');
INSERT INTO `klasifikasi` VALUES (1876, '694.61', 'Hydran umum');
INSERT INTO `klasifikasi` VALUES (1877, '694.62', 'Hydran kebakaran');
INSERT INTO `klasifikasi` VALUES (1878, '694.7', 'Katup');
INSERT INTO `klasifikasi` VALUES (1879, '694.71', 'Katup udara(air relatif)');
INSERT INTO `klasifikasi` VALUES (1880, '694.72', 'Katup pelepasan(blow off)');
INSERT INTO `klasifikasi` VALUES (1881, '694.8', 'Bak pelepasan tenagan (pressure reducing valve)');
INSERT INTO `klasifikasi` VALUES (1882, '700', 'PENGAWASAN');
INSERT INTO `klasifikasi` VALUES (1883, '701', 'Bidang urusan dalam');
INSERT INTO `klasifikasi` VALUES (1884, '702', 'Bidang peralatan');
INSERT INTO `klasifikasi` VALUES (1885, '706', 'Bidang Organisasi / Ketatajaksanaan');
INSERT INTO `klasifikasi` VALUES (1886, '710', 'BIDANG PEMERINTAHAN');
INSERT INTO `klasifikasi` VALUES (1887, '720', 'BIDANG POLITIK');
INSERT INTO `klasifikasi` VALUES (1888, '730', 'BIDANG KEAMANAN / KETERTIBAN');
INSERT INTO `klasifikasi` VALUES (1889, '740', 'BIDANG KESRA (Kesejahteraan Rakyat)');
INSERT INTO `klasifikasi` VALUES (1890, '750', 'BIDANG PEREKONOMIAN');
INSERT INTO `klasifikasi` VALUES (1891, '760', 'BIDANG PEKERJAAN UMUM');
INSERT INTO `klasifikasi` VALUES (1892, '780', 'BIDANG KEPEGAWAIAN');
INSERT INTO `klasifikasi` VALUES (1893, '790', 'BIDANG Keuangan');
INSERT INTO `klasifikasi` VALUES (1894, '800', 'KEPEGAWAIAN (Klarifikasi disini: Kebijakaksanaan kepegawaian)');
INSERT INTO `klasifikasi` VALUES (1895, '800.1', 'Perencanaan');
INSERT INTO `klasifikasi` VALUES (1896, '800.2', 'Penelitian');
INSERT INTO `klasifikasi` VALUES (1897, '800.3', 'Pendatan Ulang PNS');
INSERT INTO `klasifikasi` VALUES (1898, '800.045', 'Pengaduan');
INSERT INTO `klasifikasi` VALUES (1899, '800.05', 'Team');
INSERT INTO `klasifikasi` VALUES (1900, '800.07', 'Statistik');
INSERT INTO `klasifikasi` VALUES (1901, '800.08', 'Peraturan perundang - undangan');
INSERT INTO `klasifikasi` VALUES (1902, '810', 'PENGADAAN Meliputi lamaran, pengujian kesehatan dan pengangkatan calon pegawai');
INSERT INTO `klasifikasi` VALUES (1903, '811', 'Lamaran');
INSERT INTO `klasifikasi` VALUES (1904, '811.1', 'Testing');
INSERT INTO `klasifikasi` VALUES (1905, '811.2', 'Screening');
INSERT INTO `klasifikasi` VALUES (1906, '811.3', 'Panggilan');
INSERT INTO `klasifikasi` VALUES (1907, '812', 'Pengujian Kesehatan');
INSERT INTO `klasifikasi` VALUES (1908, '813', 'Pengangkatan calon pegawai');
INSERT INTO `klasifikasi` VALUES (1909, '813.1', 'Pengangkatan calon pegawai I');
INSERT INTO `klasifikasi` VALUES (1910, '813.2', 'Pengangkutan calon pegawai II');
INSERT INTO `klasifikasi` VALUES (1911, '813.3', 'Pengangkatan calon pegawai III');
INSERT INTO `klasifikasi` VALUES (1912, '813.4', 'Pengangkatan calon pegawai IV');
INSERT INTO `klasifikasi` VALUES (1913, '813.5', 'Pengngkatan calon guru INPRES');
INSERT INTO `klasifikasi` VALUES (1914, '814', 'Pengangkatan tenaga lepas');
INSERT INTO `klasifikasi` VALUES (1915, '814.1', 'Pengangkatan tenaga bulanan');
INSERT INTO `klasifikasi` VALUES (1916, '814.2', 'Pengangkatan tenaga harian');
INSERT INTO `klasifikasi` VALUES (1917, '814.3', 'Pengangkatan tenaga pensiuran');
INSERT INTO `klasifikasi` VALUES (1918, '815', 'Pengangkatan tenaga asing');
INSERT INTO `klasifikasi` VALUES (1919, '820', 'MUTASI Meliputi pengangkatan , kenaikan gaji berkala ,kenaikan pangkat , pemindahan , pelimpahan ,data sering ,tugas belajar dan wajib militer.');
INSERT INTO `klasifikasi` VALUES (1920, '821', 'Pengangkatan');
INSERT INTO `klasifikasi` VALUES (1921, '821.1', 'Pengangkatan menjadi pegawai negri (tetap)');
INSERT INTO `klasifikasi` VALUES (1922, '821.11', 'Pengangkatan menjadi pegawai negri golongan I');
INSERT INTO `klasifikasi` VALUES (1923, '821.12', 'Pengangkatan menjadi pegawai negri golongan II');
INSERT INTO `klasifikasi` VALUES (1924, '821.13', 'Pengangkatan menjadi pegawai negri golongan III');
INSERT INTO `klasifikasi` VALUES (1925, '821.14', 'Pengangkatan menjadi pegawai negri golongan IV');
INSERT INTO `klasifikasi` VALUES (1926, '821.2', 'Pengangkatan dalam jabatan, Pembebasan dari jabatan, berita acara serah terima jabatan.');
INSERT INTO `klasifikasi` VALUES (1927, '821.21', 'Sekjen/Dirijen/Irjen/Kaban');
INSERT INTO `klasifikasi` VALUES (1928, '821.22', 'Kepala Biro/Direktur/Inspektur/Kepala Pusat/Sekretaris/Kepala Dinas/Asisten Sekwilda');
INSERT INTO `klasifikasi` VALUES (1929, '821.23', 'Kepala Bagian/Kepala Sub Direktorat/Kepala Bidang/Inspektur Pembantu');
INSERT INTO `klasifikasi` VALUES (1930, '821.24', 'Kepala Sub Bagian/Kepala Seksi/Kepala Sub Bidang/Pemeriksa');
INSERT INTO `klasifikasi` VALUES (1931, '821.25', 'Residen/Pembantu Gubernur');
INSERT INTO `klasifikasi` VALUES (1932, '821.26', 'Wadana/Pembantu Bupati');
INSERT INTO `klasifikasi` VALUES (1933, '821.27', 'Camat');
INSERT INTO `klasifikasi` VALUES (1934, '821.28', 'Lurah administraf (lurah Desa lihat 141)');
INSERT INTO `klasifikasi` VALUES (1935, '821.29', 'Jabatan lainnya');
INSERT INTO `klasifikasi` VALUES (1936, '822.', 'Kenaikan gaji berkala');
INSERT INTO `klasifikasi` VALUES (1937, '822.1', 'Pegawai golongan I');
INSERT INTO `klasifikasi` VALUES (1938, '822.2', 'Pegawai golongan II');
INSERT INTO `klasifikasi` VALUES (1939, '822.3', 'Pegawai golongan III');
INSERT INTO `klasifikasi` VALUES (1940, '822.4', 'Pegawai golongan IV');
INSERT INTO `klasifikasi` VALUES (1941, '823', 'Kenaikan perangkat/ pengangkatan');
INSERT INTO `klasifikasi` VALUES (1942, '823.1', 'Pegawai golongan I');
INSERT INTO `klasifikasi` VALUES (1943, '823.2', 'Pegawai golongan II');
INSERT INTO `klasifikasi` VALUES (1944, '823.3', 'Pegawai golongan III');
INSERT INTO `klasifikasi` VALUES (1945, '823.4', 'Pegawai golongan IV');
INSERT INTO `klasifikasi` VALUES (1946, '824', 'Pemindahan/pelimpahan/perbantuan');
INSERT INTO `klasifikasi` VALUES (1947, '824.1', 'Pegawai golongan I');
INSERT INTO `klasifikasi` VALUES (1948, '824.2', 'Pegawai golongan II');
INSERT INTO `klasifikasi` VALUES (1949, '824.3', 'Pegawai golongan III');
INSERT INTO `klasifikasi` VALUES (1950, '824.4', 'Pegawai golongan IV');
INSERT INTO `klasifikasi` VALUES (1951, '824.5', 'Lolos butuh');
INSERT INTO `klasifikasi` VALUES (1952, '825', 'Deta sering dan penempatan kembali');
INSERT INTO `klasifikasi` VALUES (1953, '826', 'Penunjukkan tugas belajar');
INSERT INTO `klasifikasi` VALUES (1954, '826.1', 'Dalam negri');
INSERT INTO `klasifikasi` VALUES (1955, '826.2', 'Luar negri');
INSERT INTO `klasifikasi` VALUES (1956, '826.3', 'Tunjangan belajar');
INSERT INTO `klasifikasi` VALUES (1957, '826.4', 'Penampatan kembali');
INSERT INTO `klasifikasi` VALUES (1958, '827', 'Wajib militer');
INSERT INTO `klasifikasi` VALUES (1959, '828', 'Mutasi pegawai instansi lain');
INSERT INTO `klasifikasi` VALUES (1960, '830', 'KEDUDUDKAN Meliputi penghitungan masa kerja, penyesuaian pangkat/gaji, Penghargaan ijazah jenjang pangkat.');
INSERT INTO `klasifikasi` VALUES (1961, '831', 'Penhitungan masa kerja');
INSERT INTO `klasifikasi` VALUES (1962, '832', 'Penyesuaian pangkat/gaji');
INSERT INTO `klasifikasi` VALUES (1963, '832.1', 'Pegawai golongan I');
INSERT INTO `klasifikasi` VALUES (1964, '832.2', 'Pegawai golongan II');
INSERT INTO `klasifikasi` VALUES (1965, '832.3', 'Pegawai golongan III');
INSERT INTO `klasifikasi` VALUES (1966, '832.4', 'Pegawai golongan IV');
INSERT INTO `klasifikasi` VALUES (1967, '833', 'Penghargaan ijazah');
INSERT INTO `klasifikasi` VALUES (1968, '834', 'Jenjang pangkat');
INSERT INTO `klasifikasi` VALUES (1969, '840', 'KESEJAHTERAAN PEGAWAI Meliputi tunjangan, dana, perawatan kesehatan, koperasi/distribusi, perumahan/tanah,bantuan sosial,rekreasi dan dispensasi.');
INSERT INTO `klasifikasi` VALUES (1970, '841', 'Tunjangan');
INSERT INTO `klasifikasi` VALUES (1971, '841.1', 'Jabatan lainnya');
INSERT INTO `klasifikasi` VALUES (1972, '841.2', 'Kehormatan');
INSERT INTO `klasifikasi` VALUES (1973, '841.3', 'Kematian');
INSERT INTO `klasifikasi` VALUES (1974, '841.4', 'Tunjangan hari raya');
INSERT INTO `klasifikasi` VALUES (1975, '841.5', 'Perjalanan dinas tetap/cuti/pindah');
INSERT INTO `klasifikasi` VALUES (1976, '841.6', 'Keluarga');
INSERT INTO `klasifikasi` VALUES (1977, '841.7', 'Pangan, uang makan');
INSERT INTO `klasifikasi` VALUES (1978, '842', 'Dana');
INSERT INTO `klasifikasi` VALUES (1979, '842.1', 'Taspen');
INSERT INTO `klasifikasi` VALUES (1980, '842.2', 'Kesehatan');
INSERT INTO `klasifikasi` VALUES (1981, '842.3', 'Asuransi');
INSERT INTO `klasifikasi` VALUES (1982, '843', 'Perawatan Kesehatan');
INSERT INTO `klasifikasi` VALUES (1983, '843.1', 'Poliklinik');
INSERT INTO `klasifikasi` VALUES (1984, '843.2', 'Perawatan dokter');
INSERT INTO `klasifikasi` VALUES (1985, '843.3', 'Obat-obatan');
INSERT INTO `klasifikasi` VALUES (1986, '843.4', 'Keluarga berencana');
INSERT INTO `klasifikasi` VALUES (1987, '844', 'Koperasi/Distribusi');
INSERT INTO `klasifikasi` VALUES (1988, '844.1', 'Distribusi pangan');
INSERT INTO `klasifikasi` VALUES (1989, '844.2', 'Distribusi sandang');
INSERT INTO `klasifikasi` VALUES (1990, '844.3', 'Distribusi lainya');
INSERT INTO `klasifikasi` VALUES (1991, '845', 'Perumahan/Tanah');
INSERT INTO `klasifikasi` VALUES (1992, '845.1', 'Perumahan pegawai');
INSERT INTO `klasifikasi` VALUES (1993, '845.2', 'Tanah kapling');
INSERT INTO `klasifikasi` VALUES (1994, '845.3', 'Losmen/hotel');
INSERT INTO `klasifikasi` VALUES (1995, '846', 'Bantuan sosial');
INSERT INTO `klasifikasi` VALUES (1996, '846.1', 'Bantuan Kebakaran');
INSERT INTO `klasifikasi` VALUES (1997, '846.2', 'Bantuan kebanjiran');
INSERT INTO `klasifikasi` VALUES (1998, '846.3', 'Bencana Gempa');
INSERT INTO `klasifikasi` VALUES (1999, '847', 'Rekreasi, wisata eksekutif');
INSERT INTO `klasifikasi` VALUES (2000, '848', 'Dispensasi');
INSERT INTO `klasifikasi` VALUES (2001, '850', 'CUTI Meliputi cuti tahunan, cuti besar, cuti sakit, cuti hamil, cuti naik haji, cuti di luar tanggungan negara dan cuti alasan lain');
INSERT INTO `klasifikasi` VALUES (2002, '851', 'Cuti tahanan');
INSERT INTO `klasifikasi` VALUES (2003, '852', 'Cuti besar');
INSERT INTO `klasifikasi` VALUES (2004, '853', 'Cuti sakit');
INSERT INTO `klasifikasi` VALUES (2005, '854', 'Cuti hamil');
INSERT INTO `klasifikasi` VALUES (2006, '855', 'Cuti naik haji');
INSERT INTO `klasifikasi` VALUES (2007, '856', 'Cuti di luar tanggungan negara');
INSERT INTO `klasifikasi` VALUES (2008, '857', 'Cuti alasan lain');
INSERT INTO `klasifikasi` VALUES (2009, '858', 'Cuti bersama');
INSERT INTO `klasifikasi` VALUES (2010, '860', 'PENILAIAN Meliputi penghargaan, hukuman, konduite, ujian dinas, penilaian kekayaan pribadi, rehabilitasi dan penilaian angka kredit');
INSERT INTO `klasifikasi` VALUES (2011, '861', 'Penghargaan ijazah');
INSERT INTO `klasifikasi` VALUES (2012, '861.1', 'Bintang/Satyalencana');
INSERT INTO `klasifikasi` VALUES (2013, '861.2', 'Kenaikan pangkat anumerta');
INSERT INTO `klasifikasi` VALUES (2014, '861.3', 'Kenaikan gaji istimewa');
INSERT INTO `klasifikasi` VALUES (2015, '861.4', 'Hadiah berupa uang');
INSERT INTO `klasifikasi` VALUES (2016, '861.5', 'Pegawai teladan');
INSERT INTO `klasifikasi` VALUES (2017, '862', 'Hkuman');
INSERT INTO `klasifikasi` VALUES (2018, '862.1', 'Tegoran/peringatan');
INSERT INTO `klasifikasi` VALUES (2019, '862.2', 'Penundaan kenaikan gaji');
INSERT INTO `klasifikasi` VALUES (2020, '862.3', 'Penurunan pankat');
INSERT INTO `klasifikasi` VALUES (2021, '862.4', 'Pemindahan Catatan: Pemberhentian untuk sementara waktu dan pemberhentian tidak dengan terhormat lihat 887 dan 888');
INSERT INTO `klasifikasi` VALUES (2022, '863', 'Konduite');
INSERT INTO `klasifikasi` VALUES (2023, '864', 'Ujian dinas');
INSERT INTO `klasifikasi` VALUES (2024, '864.1', 'Tingkat I');
INSERT INTO `klasifikasi` VALUES (2025, '864.2', 'Tingkat II');
INSERT INTO `klasifikasi` VALUES (2026, '864.3', 'Tingkat III');
INSERT INTO `klasifikasi` VALUES (2027, '865', 'Penilaian kehidupan pegawai negri. Meliputi : Petunjuk pelaksanan hidup sederhana, penilaian kekayaan pribadi (LP2P)');
INSERT INTO `klasifikasi` VALUES (2028, '866', 'Rehabilitasi');
INSERT INTO `klasifikasi` VALUES (2029, '867', 'Daftar Usul Penilaian Angka Kredit (DUPAK) dan Penilaian Angka Kredit (PAK)');
INSERT INTO `klasifikasi` VALUES (2030, '870', 'TATA USAHA KEPEGAWAIAN Meliputi formasi,bezetting,registrasi,daftar riwayat,hak,pengajian,sumpah/janji dan korps pegawai');
INSERT INTO `klasifikasi` VALUES (2031, '871', 'Formasi');
INSERT INTO `klasifikasi` VALUES (2032, '872', 'Bezetting');
INSERT INTO `klasifikasi` VALUES (2033, '873', 'Registrasi');
INSERT INTO `klasifikasi` VALUES (2034, '873.1', 'NIP');
INSERT INTO `klasifikasi` VALUES (2035, '873.2', 'KARPEG');
INSERT INTO `klasifikasi` VALUES (2036, '873.3', 'Legittimasi/tanda pengenal');
INSERT INTO `klasifikasi` VALUES (2037, '873.4', 'Daftar keluarga');
INSERT INTO `klasifikasi` VALUES (2038, '873.5', 'Laporan Perkawinan');
INSERT INTO `klasifikasi` VALUES (2039, '873.6', 'KARIS');
INSERT INTO `klasifikasi` VALUES (2040, '873.7', 'KARSU');
INSERT INTO `klasifikasi` VALUES (2041, '874', 'Daftar riwayat pekerjaan');
INSERT INTO `klasifikasi` VALUES (2042, '874.1', 'Tanggal lahir');
INSERT INTO `klasifikasi` VALUES (2043, '874.2', 'Penggantian nama');
INSERT INTO `klasifikasi` VALUES (2044, '874.3', 'Kepartaian/organisasi');
INSERT INTO `klasifikasi` VALUES (2045, '875', 'Kewenangan mutasi kepegawaiaan');
INSERT INTO `klasifikasi` VALUES (2046, '875.1', 'Pelimpahan wewenang');
INSERT INTO `klasifikasi` VALUES (2047, '875.2', 'Specimen tanda tangan');
INSERT INTO `klasifikasi` VALUES (2048, '876', 'Pengajian');
INSERT INTO `klasifikasi` VALUES (2049, '876.1', 'SKPP');
INSERT INTO `klasifikasi` VALUES (2050, '877', 'Sumpah/janji');
INSERT INTO `klasifikasi` VALUES (2051, '878', 'Koprs kepegawain');
INSERT INTO `klasifikasi` VALUES (2052, '880', 'PEMBERHENTIAN Meliputi pemberhentian-pemberhentian atas permintaan sendiri,dengan hak pensiun, karena meninggal dunia,alasan lain,dengan diberi uang pesangon,uang tunggu,untuk sementara waktu dan pemberhentian tidak dengan hormat.');
INSERT INTO `klasifikasi` VALUES (2053, '881', 'Permintaan sendiri');
INSERT INTO `klasifikasi` VALUES (2054, '882', 'Dengan hak pensiun');
INSERT INTO `klasifikasi` VALUES (2055, '882.1', 'Pemberhentian dengan hak pensiun pegawai negeri golongan I');
INSERT INTO `klasifikasi` VALUES (2056, '882.2', 'Pemberhentian dengan hak pensiun pegawai negeri golongan II');
INSERT INTO `klasifikasi` VALUES (2057, '882.3', 'Pemberhentian dengan hak pensiun pegawai negeri golongan III');
INSERT INTO `klasifikasi` VALUES (2058, '882.4', 'Pemberhentian dengan hak pensiun pegawai negeri golongan IV');
INSERT INTO `klasifikasi` VALUES (2059, '882.5', 'Pensiun janja/duda');
INSERT INTO `klasifikasi` VALUES (2060, '882.6', 'Pensiun yati m piatu');
INSERT INTO `klasifikasi` VALUES (2061, '882.7', 'Uang muka pensiun');
INSERT INTO `klasifikasi` VALUES (2062, '883', 'Karena meninggal');
INSERT INTO `klasifikasi` VALUES (2063, '883.1', 'Karena meninggal dalam tugas');
INSERT INTO `klasifikasi` VALUES (2064, '884', 'Alasan lain');
INSERT INTO `klasifikasi` VALUES (2065, '885', 'Uang pesangon');
INSERT INTO `klasifikasi` VALUES (2066, '886', 'Uang tunggu');
INSERT INTO `klasifikasi` VALUES (2067, '887', 'Untuk sementara waktu');
INSERT INTO `klasifikasi` VALUES (2068, '888', 'Tidak dengan hormat');
INSERT INTO `klasifikasi` VALUES (2069, '890', 'PENDIDIKAN PEGAWAI Meliputi perencanaan,pendidikan reguler,pendidikan non reguler,pendidikan keluar negeri,metode,tenaga pengajar,administrasi pendidikan,fasilitas dan sarana pendidikan.');
INSERT INTO `klasifikasi` VALUES (2070, '891', 'Perencanaan');
INSERT INTO `klasifikasi` VALUES (2071, '891.1', 'Ijin Belajar');
INSERT INTO `klasifikasi` VALUES (2072, '892', 'Pendidikan reguler');
INSERT INTO `klasifikasi` VALUES (2073, '892.1', 'IIP');
INSERT INTO `klasifikasi` VALUES (2074, '892.2', 'Agraria');
INSERT INTO `klasifikasi` VALUES (2075, '892.21', 'Pemerintahan Dalam Negeri');
INSERT INTO `klasifikasi` VALUES (2076, '892.22', 'Kursus-kursus/penataran');
INSERT INTO `klasifikasi` VALUES (2077, '892.3', 'Pendidikan keluar negeri');
INSERT INTO `klasifikasi` VALUES (2078, '892.4', 'Akademi');
INSERT INTO `klasifikasi` VALUES (2079, '893', 'Pendidikan non reguler');
INSERT INTO `klasifikasi` VALUES (2080, '893.1', 'SESPA');
INSERT INTO `klasifikasi` VALUES (2081, '893.2', 'SELAPUTDA');
INSERT INTO `klasifikasi` VALUES (2082, '893.3', 'Kursus-kursus/penataran');
INSERT INTO `klasifikasi` VALUES (2083, '893.4', 'Sepada/ADUM');
INSERT INTO `klasifikasi` VALUES (2084, '893.5', 'Sepala/ADUMLA');
INSERT INTO `klasifikasi` VALUES (2085, '894', 'Pendidikan keluar negeri');
INSERT INTO `klasifikasi` VALUES (2086, '895', 'Metode');
INSERT INTO `klasifikasi` VALUES (2087, '895.1', 'Kuliah');
INSERT INTO `klasifikasi` VALUES (2088, '895.2', 'Ceramah,sisposium');
INSERT INTO `klasifikasi` VALUES (2089, '895.3', 'Diskusi');
INSERT INTO `klasifikasi` VALUES (2090, '895.4', 'Kuliah lapangan,widya wisata,KKN');
INSERT INTO `klasifikasi` VALUES (2091, '895.5', 'Kurikulum');
INSERT INTO `klasifikasi` VALUES (2092, '895.6', 'Karya tulis');
INSERT INTO `klasifikasi` VALUES (2093, '896', 'Tenaga pengajar');
INSERT INTO `klasifikasi` VALUES (2094, '896.1', 'Widyiaswara');
INSERT INTO `klasifikasi` VALUES (2095, '897', 'Administrasi pendidikan');
INSERT INTO `klasifikasi` VALUES (2096, '897.1', 'Tahun pelajaran');
INSERT INTO `klasifikasi` VALUES (2097, '897.2', 'Persyaratan,meliputi pendaftaran,testing,ujian');
INSERT INTO `klasifikasi` VALUES (2098, '898', 'Fasilitas');
INSERT INTO `klasifikasi` VALUES (2099, '898.1', 'Tunjangan belajar');
INSERT INTO `klasifikasi` VALUES (2100, '898.2', 'Asrama');
INSERT INTO `klasifikasi` VALUES (2101, '898.3', 'Uang makan');
INSERT INTO `klasifikasi` VALUES (2102, '898.4', 'Uang transpot');
INSERT INTO `klasifikasi` VALUES (2103, '898.5', 'Uang buku');
INSERT INTO `klasifikasi` VALUES (2104, '899', 'Sarana');
INSERT INTO `klasifikasi` VALUES (2105, '899.1', 'Buku');
INSERT INTO `klasifikasi` VALUES (2106, '899.2', 'Gedung lihat 011 peralatan lihat 020');
INSERT INTO `klasifikasi` VALUES (2107, '900', 'KEUANGAN');
INSERT INTO `klasifikasi` VALUES (2108, '901', 'Nota keuangan');
INSERT INTO `klasifikasi` VALUES (2109, '902', 'APBN');
INSERT INTO `klasifikasi` VALUES (2110, '903', 'APBD');
INSERT INTO `klasifikasi` VALUES (2111, '904', 'Bea Siswa (Khusus Bidang Pendidikan)');
INSERT INTO `klasifikasi` VALUES (2112, '905', 'Dana Bantuan Operasional (Khusus Bidang Pendidikan)');
INSERT INTO `klasifikasi` VALUES (2113, '906', 'SBPP (Khusus Bidang Pendidikan)');
INSERT INTO `klasifikasi` VALUES (2114, '907', 'Dana KOMITE (Khusus Bidang Pendidikan)');
INSERT INTO `klasifikasi` VALUES (2115, '910', 'ANGGARAN');
INSERT INTO `klasifikasi` VALUES (2116, '911', 'Rutin/Anggaran Satuan Kerja (ASK)');
INSERT INTO `klasifikasi` VALUES (2117, '912', 'Pembangunan');
INSERT INTO `klasifikasi` VALUES (2118, '913', 'Anggaran belanja tambahan/Perubahan APBD');
INSERT INTO `klasifikasi` VALUES (2119, '914', 'DIK');
INSERT INTO `klasifikasi` VALUES (2120, '914.1', 'Dafatar Usulan Kegiatan (DUK)');
INSERT INTO `klasifikasi` VALUES (2121, '914.2', 'Daftar Isian Kegiatan Daerah (DIKDA)/ DASK');
INSERT INTO `klasifikasi` VALUES (2122, '914.3', 'Daftar Usulan Kegiatan Daerah (DUKDA)/ RASK');
INSERT INTO `klasifikasi` VALUES (2123, '915', 'DIP');
INSERT INTO `klasifikasi` VALUES (2124, '915.1', 'Daftar Usulan Proyek (DUP)');
INSERT INTO `klasifikasi` VALUES (2125, '915.2', 'Daftar Isian Proyek Daerah (DIPDA)');
INSERT INTO `klasifikasi` VALUES (2126, '915.3', 'Daftar Usulan Proyek Daerah (DUPDA)');
INSERT INTO `klasifikasi` VALUES (2127, '916', 'Dana Alokasi Umum');
INSERT INTO `klasifikasi` VALUES (2128, '917', 'Dana Alokasi Khusus');
INSERT INTO `klasifikasi` VALUES (2129, '918', 'Dana-dana lainya');
INSERT INTO `klasifikasi` VALUES (2130, '920', 'OTORISASI');
INSERT INTO `klasifikasi` VALUES (2131, '921', 'Rutin');
INSERT INTO `klasifikasi` VALUES (2132, '922', 'Pembangunan');
INSERT INTO `klasifikasi` VALUES (2133, '923', 'SIAP');
INSERT INTO `klasifikasi` VALUES (2134, '923.1', 'SIAPDA');
INSERT INTO `klasifikasi` VALUES (2135, '924', 'Ralat SKO');
INSERT INTO `klasifikasi` VALUES (2136, '930', 'VERIFIKASI');
INSERT INTO `klasifikasi` VALUES (2137, '931', 'SPM rutin (Daftar P8)');
INSERT INTO `klasifikasi` VALUES (2138, '932', 'SPM pembangunan (Daftar P8)');
INSERT INTO `klasifikasi` VALUES (2139, '933', 'Penerimaan (Daftar P6-P7)');
INSERT INTO `klasifikasi` VALUES (2140, '934', 'SPJ rutin');
INSERT INTO `klasifikasi` VALUES (2141, '935', 'SPJ pembangunan');
INSERT INTO `klasifikasi` VALUES (2142, '936', 'Nota pemeriksaan');
INSERT INTO `klasifikasi` VALUES (2143, '937', 'SP pemindahan pembukuan (SPPP)');
INSERT INTO `klasifikasi` VALUES (2144, '940', 'PEMBUKUAN');
INSERT INTO `klasifikasi` VALUES (2145, '941', 'Penyusunan perhitungan anggaran');
INSERT INTO `klasifikasi` VALUES (2146, '942', 'Permintaan data anggaran');
INSERT INTO `klasifikasi` VALUES (2147, '943', 'Laporan fisik pembangunan');
INSERT INTO `klasifikasi` VALUES (2148, '951', 'PERBENDAHARAAN');
INSERT INTO `klasifikasi` VALUES (2149, '952', 'Tuntutan ganti rugi (ICW Pasal 74)');
INSERT INTO `klasifikasi` VALUES (2150, '953', 'Tuntutan perbendaharaan');
INSERT INTO `klasifikasi` VALUES (2151, '954', 'Penghapusan kekayaan negara');
INSERT INTO `klasifikasi` VALUES (2152, '955', 'Pengangkatan/Penggantian bendaharawan');
INSERT INTO `klasifikasi` VALUES (2153, '956', 'Specimen tanda tangan');
INSERT INTO `klasifikasi` VALUES (2154, '957', 'Surat tagihan piutang, ikhtiar bulanan');
INSERT INTO `klasifikasi` VALUES (2155, '961', 'PEMBINAAN KEBENDAHARAAN');
INSERT INTO `klasifikasi` VALUES (2156, '962', 'Pemeriksaan kas dan hasil penerimaan kas');
INSERT INTO `klasifikasi` VALUES (2157, '963', 'Pemeriksaan administrasi bendaharawan');
INSERT INTO `klasifikasi` VALUES (2158, '964', 'Laporan keuangan bendaharawan');
INSERT INTO `klasifikasi` VALUES (2159, '970', 'PENDAPATAN');
INSERT INTO `klasifikasi` VALUES (2160, '971', 'Perimbangan keuangan');
INSERT INTO `klasifikasi` VALUES (2161, '972', 'Subsidi');
INSERT INTO `klasifikasi` VALUES (2162, '973', 'Pajak, Ipeda, I.H.H., I.H.P.H.');
INSERT INTO `klasifikasi` VALUES (2163, '974', 'Retisbusi');
INSERT INTO `klasifikasi` VALUES (2164, '975', 'Bea');
INSERT INTO `klasifikasi` VALUES (2165, '976', 'Cukai');
INSERT INTO `klasifikasi` VALUES (2166, '977', 'Pungutan');
INSERT INTO `klasifikasi` VALUES (2167, '978', 'Bantuan Presiden, Mentri');
INSERT INTO `klasifikasi` VALUES (2168, '990', 'BENDAHARAWAN');
INSERT INTO `klasifikasi` VALUES (2169, '991', 'SKPP');
INSERT INTO `klasifikasi` VALUES (2170, '992', 'Tegoran SPJ');

-- ----------------------------
-- Table structure for mahasiswa
-- ----------------------------
DROP TABLE IF EXISTS `mahasiswa`;
CREATE TABLE `mahasiswa`  (
  `id_mahasiswa` int(11) NOT NULL AUTO_INCREMENT,
  `nama` varchar(255) CHARACTER SET latin1 COLLATE latin1_swedish_ci NULL DEFAULT NULL,
  `kelas` varchar(255) CHARACTER SET latin1 COLLATE latin1_swedish_ci NULL DEFAULT NULL,
  PRIMARY KEY (`id_mahasiswa`) USING BTREE
) ENGINE = InnoDB AUTO_INCREMENT = 1 CHARACTER SET = latin1 COLLATE = latin1_swedish_ci ROW_FORMAT = Dynamic;

SET FOREIGN_KEY_CHECKS = 1;
